"2023-05-25 13:24:08","Observed","1","3","1_3","CC-CR",NA,NA,NA,NA,NA,NA,NA,NA,NA,NA,NA,NA,NA,NA,NA,"0.0349999999999903",NA,"0.06",NA,NA,NA,NA,NA,NA,NA,NA,NA,NA,NA,NA,NA,NA,NA,NA,NA,NA,NA,NA,NA,NA,NA,"0.0114660000000018",NA,"0.01",NA,NA,"-0.0370427350427362",NA,"0.04",NA,"-0.302721341435502",NA,"1",NA,NA,NA,NA,NA,NA,NA,NA,NA,NA,NA
"2023-05-25 13:25:22","Observed","1","3","1_3","CC-CR",NA,NA,NA,NA,NA,NA,NA,NA,NA,NA,NA,NA,NA,NA,NA,"0.0349999999999903",NA,"0.06",NA,NA,NA,NA,NA,NA,NA,NA,NA,NA,NA,NA,NA,NA,NA,NA,NA,NA,NA,NA,NA,NA,NA,"0.0114660000000018",NA,"0.01",NA,NA,"-0.0370427350427362",NA,"0.04",NA,"-0.302721341435502",NA,"1",NA,NA,NA,NA,NA,NA,NA,NA,NA,NA,NA
"2023-05-25 13:26:16","Observed","1","3","1_3","CC-CR",NA,NA,NA,NA,NA,NA,NA,NA,NA,NA,NA,NA,NA,NA,NA,"0.0349999999999903",NA,"0.06",NA,NA,NA,NA,NA,NA,NA,NA,NA,NA,NA,NA,NA,NA,NA,NA,NA,NA,NA,NA,NA,NA,NA,"0.0114660000000018",NA,"0.01",NA,NA,"-0.0370427350427362",NA,"0.04",NA,"-0.302721341435502",NA,"1",NA,NA,NA,NA,NA,NA,NA
"2023-05-25 13:27:30","Observed","1","3","1_3","CC-CR",NA,NA,NA,NA,NA,NA,NA,NA,NA,NA,NA,NA,NA,NA,NA,"0.0349999999999903",NA,"0.06",NA,NA,NA,NA,NA,NA,NA,NA,NA,NA,NA,NA,NA,NA,NA,NA,NA,NA,NA,NA,NA,NA,NA,"0.0114660000000018",NA,"0.01",NA,NA,"-0.0370427350427362",NA,"0.04",NA,NA,"-0.302721341435502",NA,"1",NA,NA,NA,NA,NA,NA,NA
"2023-05-25 13:31:09","Observed","1","3","1_3","CC-CR",NA,NA,NA,NA,NA,NA,NA,NA,NA,NA,NA,NA,NA,NA,NA,"0.0349999999999903",NA,"0.06",NA,NA,NA,NA,NA,NA,NA,NA,NA,NA,NA,NA,NA,NA,NA,NA,NA,NA,NA,NA,NA,NA,NA,"0.0114660000000018",NA,"0.01",NA,NA,"-0.0370427350427362",NA,"0.04",NA,NA,"-0.302721341435502",NA,"1",NA,NA,NA,NA,NA,NA,NA
"2023-05-25 13:31:19","Observed","1","3","1_3","CC-CR",NA,NA,NA,NA,NA,NA,NA,NA,NA,NA,NA,NA,NA,NA,NA,"0.0349999999999903",NA,"0.06",NA,NA,NA,NA,NA,NA,NA,NA,NA,NA,NA,NA,NA,NA,NA,NA,NA,NA,NA,NA,NA,NA,NA,"0.0114660000000018",NA,"0.01",NA,NA,"-0.0370427350427362",NA,"0.04",NA,NA,"-0.302721341435502",NA,"1",NA,NA,NA,NA,NA,NA,NA
"2023-05-25 13:31:31","Observed","1","3","1_3","CC-CR",NA,NA,NA,NA,NA,NA,NA,NA,NA,NA,NA,NA,NA,NA,NA,"0.0349999999999903",NA,"0.06",NA,NA,NA,NA,NA,NA,NA,NA,NA,NA,NA,NA,NA,NA,NA,NA,NA,NA,NA,NA,NA,NA,NA,"0.0114660000000018",NA,"0.01",NA,NA,"-0.0370427350427362",NA,"0.04",NA,NA,"-0.302721341435502",NA,"1",NA,NA,NA,NA,NA,NA,NA
"2023-05-25 13:31:48","Observed","1","3","1_3","CC-CR",NA,NA,NA,NA,NA,NA,NA,NA,NA,NA,NA,NA,NA,NA,NA,"0.0349999999999903",NA,"0.06",NA,NA,NA,NA,NA,NA,NA,NA,NA,NA,NA,NA,NA,NA,NA,NA,NA,NA,NA,NA,NA,NA,NA,"0.0114660000000018",NA,"0.01",NA,NA,"-0.0370427350427362",NA,"0.04",NA,NA,"-0.302721341435502",NA,"1",NA,NA,NA,NA,NA,NA,NA
"2023-05-25 13:31:49","Observed","1","51","1_51","RR50-CR",NA,NA,NA,NA,NA,NA,NA,NA,NA,NA,NA,NA,NA,NA,NA,"0.0200000000000062",NA,"0.49",NA,NA,NA,NA,NA,NA,NA,NA,NA,NA,NA,NA,NA,NA,NA,NA,NA,NA,NA,NA,NA,NA,NA,"0.0517919999999954",NA,"0.39",NA,NA,"0.0731055555555556",NA,"0.29",NA,NA,"-0.302721341435502",NA,"1",NA,NA,NA,NA,NA,NA,NA
"2023-05-25 14:22:57","Observed","1","3","1_3","CC-CR",NA,NA,NA,NA,NA,NA,NA,NA,NA,NA,NA,NA,NA,NA,NA,"0.0349999999999903",NA,"0.06",NA,NA,NA,NA,NA,NA,NA,NA,NA,NA,NA,NA,NA,NA,NA,NA,NA,NA,NA,NA,NA,NA,NA,"0.0114660000000018",NA,"0.01",NA,NA,"-0.0370427350427362",NA,"0.04",NA,NA,"-0.302721341435502",NA,"1",NA,NA,NA,NA,NA,NA,NA
"2023-05-25 14:23:00","Observed","1","53","1_53","RR00-CR",NA,NA,NA,NA,NA,NA,NA,NA,NA,NA,NA,NA,NA,NA,NA,"0.0200000000000062",NA,"0.49",NA,NA,NA,NA,NA,NA,NA,NA,NA,NA,NA,NA,NA,NA,NA,NA,NA,NA,NA,NA,NA,NA,NA,"0.0517919999999954",NA,"0.39",NA,NA,"0.0731055555555556",NA,"0.29",NA,NA,"-0.302721341435502",NA,"1",NA,NA,NA,NA,NA,NA,NA
"2023-05-25 14:43:02","Observed","1","53","1_53","RR00-CR",NA,NA,NA,NA,NA,NA,NA,NA,NA,NA,NA,NA,NA,NA,NA,"0.0200000000000062",NA,"0.49",NA,NA,NA,NA,NA,NA,NA,NA,NA,NA,NA,NA,NA,NA,NA,NA,NA,NA,NA,NA,NA,NA,NA,"0.0517919999999954",NA,"0.39",NA,NA,"0.0731055555555556",NA,"0.29",NA,NA,"-0.302721341435502",NA,"1",NA,NA,NA,NA,NA,NA,NA
"2023-05-25 14:49:15","Observed","1","3","1_3","CC-CR",NA,NA,NA,NA,NA,NA,NA,NA,NA,NA,NA,NA,NA,NA,NA,"0.0349999999999903",NA,"0.06",NA,NA,NA,NA,NA,NA,NA,NA,NA,NA,NA,NA,NA,NA,NA,NA,NA,NA,NA,NA,NA,NA,NA,"0.0114660000000018",NA,"0.01",NA,NA,"-0.0370427350427362",NA,"0.04",NA,NA,"-0.302721341435502",NA,"1",NA,NA,NA,NA,NA,NA,NA
"2023-05-25 14:49:18","Observed","1","53","1_53","RR00-CR",NA,NA,NA,NA,NA,NA,NA,NA,NA,NA,NA,NA,NA,NA,NA,"0.0200000000000062",NA,"0.49",NA,NA,NA,NA,NA,NA,NA,NA,NA,NA,NA,NA,NA,NA,NA,NA,NA,NA,NA,NA,NA,NA,NA,"0.0517919999999954",NA,"0.39",NA,NA,"0.0731055555555556",NA,"0.29",NA,NA,"-0.302721341435502",NA,"1",NA,NA,NA,NA,NA,NA,NA
"2023-05-25 14:49:18","Observed","1","53","1_53","RR00-CR",NA,NA,NA,NA,NA,NA,NA,NA,NA,NA,NA,NA,NA,NA,NA,"0.0200000000000062",NA,"0.49",NA,NA,NA,NA,NA,NA,NA,NA,NA,NA,NA,NA,NA,NA,NA,NA,NA,NA,NA,NA,NA,NA,NA,"0.0517919999999954",NA,"0.39",NA,NA,"0.0731055555555556",NA,"0.29",NA,NA,"-0.302721341435502",NA,"1",NA,NA,NA,NA,NA,NA,NA
"2023-05-25 14:49:18","Observed","1","53","1_53","RR00-CR",NA,NA,NA,NA,NA,NA,NA,NA,NA,NA,NA,NA,NA,NA,NA,"0.0200000000000062",NA,"0.49",NA,NA,NA,NA,NA,NA,NA,NA,NA,NA,NA,NA,NA,NA,NA,NA,NA,NA,NA,NA,NA,NA,NA,"0.0517919999999954",NA,"0.39",NA,NA,"0.0731055555555556",NA,"0.29",NA,NA,"-0.302721341435502",NA,"1",NA,NA,NA,NA,NA,NA,NA
"2023-05-25 14:59:00","Observed","1","3","1_3","CC-CR",NA,NA,NA,NA,NA,NA,NA,NA,NA,NA,NA,NA,NA,NA,NA,"0.0349999999999903",NA,"0.06",NA,NA,NA,NA,NA,NA,NA,NA,NA,NA,NA,NA,NA,NA,NA,NA,NA,NA,NA,NA,NA,NA,NA,"0.0114660000000018",NA,"0.01",NA,NA,"-0.0370427350427362",NA,"0.04",NA,NA,"-0.302721341435502",NA,"1",NA,NA,NA,NA,NA,NA,NA
"2023-05-25 14:59:31","Observed","1","3","1_3","CC-CR",NA,NA,NA,NA,NA,NA,NA,NA,NA,NA,NA,NA,NA,NA,NA,"0.0349999999999903",NA,"0.06",NA,NA,NA,NA,NA,NA,NA,NA,NA,NA,NA,NA,NA,NA,NA,NA,NA,NA,NA,NA,NA,NA,NA,"0.0114660000000018",NA,"0.01",NA,NA,"-0.0370427350427362",NA,"0.04",NA,NA,"-0.302721341435502",NA,"1",NA,NA,NA,NA,NA,NA,NA
"2023-05-25 15:03:25","Observed","1","3","1_3","CC-CR",NA,NA,NA,NA,NA,NA,NA,NA,NA,NA,NA,NA,NA,NA,NA,"0.0349999999999903",NA,"0.06",NA,NA,NA,NA,NA,NA,NA,NA,NA,NA,NA,NA,NA,NA,NA,NA,NA,NA,NA,NA,NA,NA,NA,"0.0114660000000018",NA,"0.01",NA,NA,"-0.0370427350427362",NA,"0.04",NA,NA,"-0.302721341435502",NA,"1",NA,NA,NA,NA,NA,NA,NA
"2023-05-25 15:03:25","Observed","1","3","1_3","CC-CR",NA,NA,NA,NA,NA,NA,NA,NA,NA,NA,NA,NA,NA,NA,NA,"0.0349999999999903",NA,"0.06",NA,NA,NA,NA,NA,NA,NA,NA,NA,NA,NA,NA,NA,NA,NA,NA,NA,NA,NA,NA,NA,NA,NA,"0.0114660000000018",NA,"0.01",NA,NA,"-0.0370427350427362",NA,"0.04",NA,NA,"-0.302721341435502",NA,"1",NA,NA,NA,NA,NA,NA,NA
"2023-05-25 15:12:51","Observed","1","3","1_3","CC-CR",NA,NA,NA,NA,NA,NA,NA,NA,NA,NA,NA,NA,NA,NA,NA,"0.0349999999999903",NA,"0.06",NA,NA,NA,NA,NA,NA,NA,NA,NA,NA,NA,NA,NA,NA,NA,NA,NA,NA,NA,NA,NA,NA,NA,"0.0114660000000018",NA,"0.01",NA,NA,"-0.0370427350427362",NA,"0.04",NA,NA,"-0.302721341435502",NA,"1",NA,NA,NA,NA,NA,NA,NA
"2023-05-25 15:12:59","Observed","1","3","1_3","CC-CR",NA,NA,NA,NA,NA,NA,NA,NA,NA,NA,NA,NA,NA,NA,NA,"0.0349999999999903",NA,"0.06",NA,NA,NA,NA,NA,NA,NA,NA,NA,NA,NA,NA,NA,NA,NA,NA,NA,NA,NA,NA,NA,NA,NA,"0.0114660000000018",NA,"0.01",NA,NA,"-0.0370427350427362",NA,"0.04",NA,NA,"-0.302721341435502",NA,"1",NA,NA,NA,NA,NA,NA,NA
"2023-05-25 15:13:03","Observed","1","53","1_53","RR00-CR",NA,NA,NA,NA,NA,NA,NA,NA,NA,NA,NA,NA,NA,NA,NA,"0.0200000000000062",NA,"0.49",NA,NA,NA,NA,NA,NA,NA,NA,NA,NA,NA,NA,NA,NA,NA,NA,NA,NA,NA,NA,NA,NA,NA,"0.0517919999999954",NA,"0.39",NA,NA,"0.0731055555555556",NA,"0.29",NA,NA,"-0.302721341435502",NA,"1",NA,NA,NA,NA,NA,NA,NA
"2023-05-25 15:13:06","Observed","1","56","1_56","RR00-NT-CR",NA,NA,NA,NA,NA,NA,NA,NA,NA,NA,NA,NA,NA,NA,NA,"-0.135000000000035",NA,"0.91",NA,NA,NA,NA,NA,NA,NA,NA,NA,NA,NA,NA,NA,NA,NA,NA,NA,NA,NA,NA,NA,NA,NA,"0.0270659999999968",NA,"0.15",NA,NA,"0.0755157407407407",NA,"0.32",NA,NA,"-0.302721341435502",NA,"1",NA,NA,NA,NA,NA,NA,NA
"2023-05-25 15:13:07","Observed","1","7","1_7","CN",NA,NA,NA,NA,NA,NA,NA,NA,NA,NA,NA,NA,NA,NA,NA,"-0.239999999999959",NA,"1",NA,NA,NA,NA,NA,NA,NA,NA,NA,NA,NA,NA,NA,NA,NA,NA,NA,NA,NA,NA,NA,NA,NA,"-0.005694",NA,"0",NA,NA,"0.0707237237237219",NA,"0.1",NA,NA,"-0.302721341435502",NA,"1",NA,NA,NA,NA,NA,NA,NA
"2023-05-25 15:13:09","Observed","1","8","1_8","CC-NT-CR",NA,NA,NA,NA,NA,NA,NA,NA,NA,NA,NA,NA,NA,NA,NA,"-0.0100000000000184",NA,"0.01",NA,NA,NA,NA,NA,NA,NA,NA,NA,NA,NA,NA,NA,NA,NA,NA,NA,NA,NA,NA,NA,NA,NA,"0.00195000000000194",NA,"0",NA,NA,"-0.00513817663817671",NA,"0",NA,NA,"-0.215870288845581",NA,"1",NA,NA,NA,NA,NA,NA,NA
"2023-05-25 16:25:02","Observed","1","3","1_3","CC-CR",NA,NA,NA,NA,NA,NA,NA,NA,NA,NA,NA,NA,NA,NA,NA,"0.0349999999999903",NA,"0.06",NA,NA,NA,NA,NA,NA,NA,NA,NA,NA,NA,NA,NA,NA,NA,NA,NA,NA,NA,NA,NA,NA,NA,"0.0114660000000018",NA,"0.01",NA,NA,"-0.0370427350427362",NA,"0.04",NA,NA,"-0.302721341435502",NA,"1",NA,NA,NA,NA,NA,NA,NA
"2023-05-26 08:52:18","Observed","1","3","1_3","CC-CR",NA,NA,NA,NA,NA,NA,NA,NA,NA,NA,NA,NA,NA,NA,NA,"0.0349999999999903",NA,"0.06",NA,NA,NA,NA,NA,NA,NA,NA,NA,NA,NA,NA,NA,NA,NA,NA,NA,NA,NA,NA,NA,NA,NA,"0.0114660000000018",NA,"0.01",NA,NA,"-0.0370427350427362",NA,"0.04",NA,NA,"-0.302721341435502",NA,"1",NA,NA,NA,NA,NA,NA,NA
"2023-05-26 08:56:07","Observed","1","53","1_53","RR00-CR",NA,NA,NA,NA,NA,NA,NA,NA,NA,NA,NA,NA,NA,NA,NA,"0.0200000000000062",NA,"0.49",NA,NA,NA,NA,NA,NA,NA,NA,NA,NA,NA,NA,NA,NA,NA,NA,NA,NA,NA,NA,NA,NA,NA,"0.0517919999999954",NA,"0.39",NA,NA,"0.0731055555555556",NA,"0.29",NA,NA,NA,NA,NA,NA,NA,NA,NA,NA,NA,NA
"2023-05-26 08:59:49","Observed","1","56","1_56","RR00-NT-CR",NA,NA,NA,NA,NA,NA,NA,NA,NA,NA,NA,NA,NA,NA,NA,"-0.135000000000035",NA,"0.91",NA,NA,NA,NA,NA,NA,NA,NA,NA,NA,NA,NA,NA,NA,NA,NA,NA,NA,NA,NA,NA,NA,NA,"0.0270659999999968",NA,"0.15",NA,NA,"0.0755157407407407",NA,"0.32",NA,NA,NA,NA,NA,NA,NA,NA,NA,NA,NA,NA
"2023-05-26 09:01:02","Observed","1","7","1_7","CN",NA,NA,NA,NA,NA,NA,NA,NA,NA,NA,NA,NA,NA,NA,NA,"-0.239999999999959",NA,"1",NA,NA,NA,NA,NA,NA,NA,NA,NA,NA,NA,NA,NA,NA,NA,NA,NA,NA,NA,NA,NA,NA,NA,"-0.005694",NA,"0",NA,NA,"0.0707237237237219",NA,"0.1",NA,NA,NA,NA,NA,NA,NA,NA,NA,NA,NA,NA
"2023-05-26 09:02:15","Observed","1","8","1_8","CC-NT-CR",NA,NA,NA,NA,NA,NA,NA,NA,NA,NA,NA,NA,NA,NA,NA,"-0.0100000000000184",NA,"0.01",NA,NA,NA,NA,NA,NA,NA,NA,NA,NA,NA,NA,NA,NA,NA,NA,NA,NA,NA,NA,NA,NA,NA,"0.00195000000000194",NA,"0",NA,NA,"-0.00513817663817671",NA,"0",NA,NA,"-0.215870288845581",NA,"1",NA,NA,NA,NA,NA,NA,NA
"2023-05-26 09:36:01","Observed","1","53","1_53","RR00-CR",NA,NA,NA,NA,NA,NA,NA,NA,NA,NA,NA,NA,NA,NA,NA,"0.0200000000000062",NA,"0.49",NA,NA,NA,NA,NA,NA,NA,NA,NA,NA,NA,NA,NA,NA,NA,NA,NA,NA,NA,NA,NA,NA,NA,"0.0517919999999954",NA,"0.39",NA,NA,"0.0731055555555556",NA,"0.29",NA,NA,NA,NA,NA,NA,NA,NA,NA,NA,NA,NA
"2023-05-26 09:36:14","Observed","1","53","1_53","RR00-CR",NA,NA,NA,NA,NA,NA,NA,NA,NA,NA,NA,NA,NA,NA,NA,"0.0200000000000062",NA,"0.49",NA,NA,NA,NA,NA,NA,NA,NA,NA,NA,NA,NA,NA,NA,NA,NA,NA,NA,NA,NA,NA,NA,NA,"0.0517919999999954",NA,"0.39",NA,NA,"0.0731055555555556",NA,"0.29",NA,NA,NA,NA,NA,NA,NA,NA,NA,NA,NA,NA
"2023-05-26 09:37:43","Observed","1","53","1_53","RR00-CR",NA,NA,NA,NA,NA,NA,NA,NA,NA,NA,NA,NA,NA,NA,NA,"0.0200000000000062",NA,"0.49",NA,NA,NA,NA,NA,NA,NA,NA,NA,NA,NA,NA,NA,NA,NA,NA,NA,NA,NA,NA,NA,NA,NA,"0.0517919999999954",NA,"0.39",NA,NA,"0.0731055555555556",NA,"0.29",NA,NA,NA,NA,NA,NA,NA,NA,NA,NA,NA,NA
"2023-05-26 15:18:22","Observed","1","53","1_53","RR00-CR",NA,NA,NA,NA,NA,NA,NA,NA,NA,NA,NA,NA,NA,NA,NA,"0.0200000000000062",NA,"0.49",NA,NA,NA,"0.00374070117871938",NA,"0.02",NA,NA,NA,NA,NA,NA,NA,NA,NA,NA,NA,NA,NA,NA,NA,NA,NA,"0.0517919999999954",NA,"0.39",NA,NA,"0.0731055555555556",NA,"0.29",NA,NA,NA,NA,NA,NA,NA,NA,NA,NA,NA,NA
"2023-05-26 15:18:34","Observed","1","53","1_53","RR00-CR",NA,NA,NA,NA,NA,NA,NA,NA,NA,NA,NA,NA,NA,NA,NA,"0.0200000000000062",NA,"0.49",NA,NA,NA,"0.00374070117871938",NA,"0.02",NA,NA,NA,NA,NA,NA,NA,NA,NA,NA,NA,NA,NA,NA,NA,NA,NA,"0.0517919999999954",NA,"0.39",NA,NA,"0.0731055555555556",NA,"0.29",NA,NA,NA,NA,NA,NA,NA,NA,NA,NA,NA,NA
"2023-05-26 15:18:42","Observed","1","3","1_3","CC-CR",NA,NA,NA,NA,NA,NA,NA,NA,NA,NA,NA,NA,NA,NA,NA,"0.0349999999999903",NA,"0.06",NA,NA,NA,"0.00374070117871938",NA,"0.02",NA,NA,NA,NA,NA,NA,NA,NA,NA,NA,NA,NA,NA,NA,NA,NA,NA,"0.0114660000000018",NA,"0.01",NA,NA,"-0.0370427350427362",NA,"0.04",NA,NA,"-0.302721341435502",NA,"1",NA,NA,NA,NA,NA,NA,NA
"2023-05-26 15:18:46","Observed","1","53","1_53","RR00-CR",NA,NA,NA,NA,NA,NA,NA,NA,NA,NA,NA,NA,NA,NA,NA,"0.0200000000000062",NA,"0.49",NA,NA,NA,"0.00374070117871938",NA,"0.02",NA,NA,NA,NA,NA,NA,NA,NA,NA,NA,NA,NA,NA,NA,NA,NA,NA,"0.0517919999999954",NA,"0.39",NA,NA,"0.0731055555555556",NA,"0.29",NA,NA,NA,NA,NA,NA,NA,NA,NA,NA,NA,NA
"2023-05-26 15:18:51","Observed","1","56","1_56","RR00-NT-CR",NA,NA,NA,NA,NA,NA,NA,NA,NA,NA,NA,NA,NA,NA,NA,"-0.135000000000035",NA,"0.91",NA,NA,NA,"0.00374070117871938",NA,"0.02",NA,NA,NA,NA,NA,NA,NA,NA,NA,NA,NA,NA,NA,NA,NA,NA,NA,"0.0270659999999968",NA,"0.15",NA,NA,"0.0755157407407407",NA,"0.32",NA,NA,NA,NA,NA,NA,NA,NA,NA,NA,NA,NA
"2023-05-26 15:18:53","Observed","1","7","1_7","CN",NA,NA,NA,NA,NA,NA,NA,NA,NA,NA,NA,NA,NA,NA,NA,"-0.239999999999959",NA,"1",NA,NA,NA,"0.00374070117871938",NA,"0.02",NA,NA,NA,NA,NA,NA,NA,NA,NA,NA,NA,NA,NA,NA,NA,NA,NA,"-0.005694",NA,"0",NA,NA,"0.0707237237237219",NA,"0.1",NA,NA,NA,NA,NA,NA,NA,NA,NA,NA,NA,NA
"2023-05-26 15:18:55","Observed","1","8","1_8","CC-NT-CR",NA,NA,NA,NA,NA,NA,NA,NA,NA,NA,NA,NA,NA,NA,NA,"-0.0100000000000184",NA,"0.01",NA,NA,NA,"0.00374070117871938",NA,"0.02",NA,NA,NA,NA,NA,NA,NA,NA,NA,NA,NA,NA,NA,NA,NA,NA,NA,"0.00195000000000194",NA,"0",NA,NA,"-0.00513817663817671",NA,"0",NA,NA,"-0.215870288845581",NA,"1",NA,NA,NA,NA,NA,NA,NA
"2023-05-29 16:26:44","Observed","1","3","1_3","CC-CR",NA,NA,NA,NA,NA,NA,NA,NA,NA,NA,NA,NA,NA,NA,NA,"0.0349999999999903",NA,"0.06",NA,NA,NA,"0.00374070117871938",NA,"0.02",NA,NA,NA,NA,NA,NA,NA,NA,NA,NA,NA,NA,NA,NA,NA,NA,NA,"0.0114660000000018",NA,"0.01",NA,NA,"-0.0370427350427362",NA,"0.04",NA,NA,"-0.302721341435502",NA,"1",NA,NA,NA,NA,NA,NA,NA
"2023-05-30 09:10:38","Observed","1","3","1_3","CC-CR",NA,NA,NA,NA,NA,NA,NA,NA,NA,NA,NA,NA,NA,NA,NA,NA,NA,NA,NA,NA,NA,NA,NA,NA,NA,NA,NA,NA,NA,NA,NA,NA,NA,NA,NA,NA,NA,NA,NA,NA,NA,NA,NA,NA,NA,NA,NA,NA,NA,NA,NA,NA,NA,NA,NA,NA,NA,NA,NA,NA,NA,NA,NA,NA,NA,NA,NA,NA,NA,NA,NA,NA,NA,"0.0349999999999903",NA,"0.06",NA,"0.00374070117871938",NA,"0.02",NA,NA,NA,NA,NA,NA,NA,NA,NA,NA,NA,NA,NA,"0.0114660000000018",NA,"0.01",NA,"-0.0370427350427362",NA,"0.04",NA,"-0.302721341435502",NA,"1",NA
"2023-05-30 11:21:52","Observed","1","3","1_3","CC-CR",NA,NA,NA,NA,NA,NA,NA,NA,NA,NA,NA,NA,NA,NA,NA,NA,NA,NA,NA,NA,NA,NA,NA,NA,NA,NA,NA,NA,NA,NA,NA,NA,NA,NA,NA,NA,NA,NA,NA,NA,NA,NA,NA,NA,NA,NA,NA,NA,NA,NA,NA,NA,NA,NA,NA,NA,NA,NA,NA,NA,NA,NA,NA,NA,NA,NA,NA,NA,NA,NA,NA,NA,NA,"0.0349999999999903",NA,"0.06",NA,NA,NA,NA,NA,"0.00374070117871938",NA,"0.02",NA,NA,NA,NA,NA,NA,NA,NA,NA,NA,NA,NA,NA,"0.0114660000000018",NA,"0.01",NA,"-0.0370427350427362",NA,"0.04",NA,"-0.302721341435502",NA,"1",NA
"2023-05-30 12:15:58","Observed","1","3","1_3","CC-CR",NA,NA,NA,NA,NA,NA,NA,NA,NA,NA,NA,NA,NA,NA,NA,NA,NA,NA,NA,NA,NA,NA,NA,NA,NA,NA,NA,NA,NA,NA,NA,NA,NA,NA,NA,NA,NA,NA,NA,NA,NA,NA,NA,NA,NA,NA,NA,NA,NA,NA,NA,NA,NA,NA,NA,NA,NA,NA,NA,NA,NA,NA,NA,NA,NA,NA,NA,NA,NA,NA,NA,NA,NA,"0.0349999999999903",NA,"0.06",NA,NA,NA,NA,NA,"0.00374070117871938",NA,"0.02",NA,NA,NA,NA,NA,NA,NA,NA,NA,NA,NA,NA,NA,"0.0114660000000018",NA,"0.01",NA,"-0.0370427350427362",NA,"0.04",NA,"-0.302721341435502",NA,"1",NA
"2023-05-30 12:33:44","Observed","1","3","1_3","CC-CR",NA,NA,NA,NA,NA,NA,NA,NA,NA,NA,NA,NA,NA,NA,NA,NA,NA,NA,NA,NA,NA,NA,NA,NA,NA,NA,NA,NA,NA,NA,NA,NA,NA,NA,NA,NA,NA,NA,NA,NA,NA,NA,NA,NA,NA,NA,NA,NA,NA,NA,NA,NA,NA,NA,NA,NA,NA,NA,NA,NA,NA,NA,NA,NA,NA,NA,NA,NA,NA,NA,NA,NA,NA,"0.0349999999999903",NA,"0.06",NA,NA,NA,NA,NA,"0.00374070117871938",NA,"0.02",NA,NA,NA,NA,NA,NA,NA,NA,NA,NA,NA,NA,NA,"0.0114660000000018",NA,"0.01",NA,"-0.0370427350427362",NA,"0.04",NA,"-0.302721341435502",NA,"1",NA
"2023-05-30 12:38:34","Observed","1","3","1_3","CC-CR",NA,NA,NA,NA,NA,NA,NA,NA,NA,NA,NA,NA,NA,NA,NA,NA,NA,NA,NA,NA,NA,NA,NA,NA,NA,NA,NA,NA,NA,NA,NA,NA,NA,NA,NA,NA,NA,NA,NA,NA,NA,NA,NA,NA,NA,NA,NA,NA,NA,NA,NA,NA,NA,NA,NA,NA,NA,NA,NA,NA,NA,NA,NA,NA,NA,NA,NA,NA,NA,NA,NA,NA,NA,"0.0349999999999903",NA,"0.06",NA,NA,NA,NA,NA,"0.00374070117871938",NA,"0.02",NA,NA,NA,NA,NA,NA,NA,NA,NA,NA,NA,NA,NA,"0.0114660000000018",NA,"0.01",NA,"-0.0370427350427362",NA,"0.04",NA,"-0.302721341435502",NA,"1",NA
"2023-05-30 12:43:26","RothC","1","52","1_52","RR25-CR",NA,NA,NA,NA,NA,NA,NA,NA,NA,NA,NA,NA,NA,NA,NA,"-0.53945876288662","9.81485567010323","0.73","0.45","-1.33405",NA,NA,NA,NA,NA,NA,NA,NA,NA,NA,NA,NA,NA,NA,NA,NA,NA,NA,NA,NA,NA,NA,NA,NA,NA,NA,NA,NA,NA,NA,NA,NA,NA,NA,NA,NA,NA,NA,NA,NA,NA,NA,NA,NA,NA,NA,NA,NA,NA,NA,NA,NA,NA,"-0.0202934523809482","47.2126559523725","0.65","0.45",NA,NA,NA,NA,NA,NA,NA,NA,NA,NA,NA,NA,NA,NA,NA,NA,NA,NA,NA,NA,NA,NA,NA,NA,NA,NA,NA,NA,NA,NA,NA,NA
"2023-05-30 12:58:20","Observed","1","3","1_3","CC-CR",NA,NA,NA,NA,NA,NA,NA,NA,NA,NA,NA,NA,NA,NA,NA,NA,NA,NA,NA,NA,NA,NA,NA,NA,NA,NA,NA,NA,NA,NA,NA,NA,NA,NA,NA,NA,NA,NA,NA,NA,NA,NA,NA,NA,NA,NA,NA,NA,NA,NA,NA,NA,NA,NA,NA,NA,NA,NA,NA,NA,NA,NA,NA,NA,NA,NA,NA,NA,NA,NA,NA,NA,NA,"0.0349999999999903",NA,"0.06",NA,NA,NA,NA,NA,"0.00374070117871938",NA,"0.02",NA,NA,NA,NA,NA,NA,NA,NA,NA,NA,NA,NA,NA,"0.0114660000000018",NA,"0.01",NA,"-0.0370427350427362",NA,"0.04",NA,"-0.302721341435502",NA,"1",NA
"2023-05-30 13:03:13","Observed","1","53","1_53","RR00-CR",NA,NA,NA,NA,NA,NA,NA,NA,NA,NA,NA,NA,NA,NA,NA,NA,NA,NA,NA,NA,NA,NA,NA,NA,NA,NA,NA,NA,NA,NA,NA,NA,NA,NA,NA,NA,NA,NA,NA,NA,NA,NA,NA,NA,NA,NA,NA,NA,NA,NA,NA,NA,NA,NA,NA,NA,NA,NA,NA,NA,NA,NA,NA,NA,NA,NA,NA,NA,NA,NA,NA,NA,NA,"0.0200000000000062",NA,"0.49",NA,NA,NA,NA,NA,"0.00374070117871938",NA,"0.02",NA,NA,NA,NA,NA,NA,NA,NA,NA,NA,NA,NA,NA,"0.0517919999999954",NA,"0.39",NA,"0.0731055555555556",NA,"0.29",NA,NA,NA,NA,NA
"2023-05-30 13:08:03","Observed","1","56","1_56","RR00-NT-CR",NA,NA,NA,NA,NA,NA,NA,NA,NA,NA,NA,NA,NA,NA,NA,NA,NA,NA,NA,NA,NA,NA,NA,NA,NA,NA,NA,NA,NA,NA,NA,NA,NA,NA,NA,NA,NA,NA,NA,NA,NA,NA,NA,NA,NA,NA,NA,NA,NA,NA,NA,NA,NA,NA,NA,NA,NA,NA,NA,NA,NA,NA,NA,NA,NA,NA,NA,NA,NA,NA,NA,NA,NA,"-0.135000000000035",NA,"0.91",NA,NA,NA,NA,NA,"0.00374070117871938",NA,"0.02",NA,NA,NA,NA,NA,NA,NA,NA,NA,NA,NA,NA,NA,"0.0270659999999968",NA,"0.15",NA,"0.0755157407407407",NA,"0.32",NA,NA,NA,NA,NA
"2023-05-30 13:09:40","Observed","1","7","1_7","CN",NA,NA,NA,NA,NA,NA,NA,NA,NA,NA,NA,NA,NA,NA,NA,NA,NA,NA,NA,NA,NA,NA,NA,NA,NA,NA,NA,NA,NA,NA,NA,NA,NA,NA,NA,NA,NA,NA,NA,NA,NA,NA,NA,NA,NA,NA,NA,NA,NA,NA,NA,NA,NA,NA,NA,NA,NA,NA,NA,NA,NA,NA,NA,NA,NA,NA,NA,NA,NA,NA,NA,NA,NA,"-0.239999999999959",NA,"1",NA,NA,NA,NA,NA,"0.00374070117871938",NA,"0.02",NA,NA,NA,NA,NA,NA,NA,NA,NA,NA,NA,NA,NA,"-0.005694",NA,"0",NA,"0.0707237237237219",NA,"0.1",NA,NA,NA,NA,NA
"2023-05-30 13:11:16","Observed","1","8","1_8","CC-NT-CR",NA,NA,NA,NA,NA,NA,NA,NA,NA,NA,NA,NA,NA,NA,NA,NA,NA,NA,NA,NA,NA,NA,NA,NA,NA,NA,NA,NA,NA,NA,NA,NA,NA,NA,NA,NA,NA,NA,NA,NA,NA,NA,NA,NA,NA,NA,NA,NA,NA,NA,NA,NA,NA,NA,NA,NA,NA,NA,NA,NA,NA,NA,NA,NA,NA,NA,NA,NA,NA,NA,NA,NA,NA,"-0.0100000000000184",NA,"0.01",NA,NA,NA,NA,NA,"0.00374070117871938",NA,"0.02",NA,NA,NA,NA,NA,NA,NA,NA,NA,NA,NA,NA,NA,"0.00195000000000194",NA,"0",NA,"-0.00513817663817671",NA,"0",NA,"-0.215870288845581",NA,"1",NA
"2023-05-30 14:04:12","Observed","1","3","1_3","CC-CR",NA,NA,NA,NA,NA,NA,NA,NA,NA,NA,NA,NA,NA,NA,NA,NA,NA,NA,NA,NA,NA,NA,NA,NA,NA,NA,NA,NA,NA,NA,NA,NA,NA,NA,NA,NA,NA,NA,NA,NA,NA,NA,NA,NA,NA,NA,NA,NA,NA,NA,NA,NA,NA,NA,NA,NA,NA,NA,NA,NA,NA,NA,NA,NA,NA,NA,NA,NA,NA,NA,NA,NA,NA,"0.0349999999999903",NA,"0.06",NA,NA,NA,NA,NA,"0.00374070117871938",NA,"0.02",NA,NA,NA,NA,NA,NA,NA,NA,NA,NA,NA,NA,NA,"0.0114660000000018",NA,"0.01",NA,"-0.0370427350427362",NA,"0.04",NA,"-0.302721341435502",NA,"1",NA
"2023-05-30 14:10:53","Observed","1","53","1_53","RR00-CR",NA,NA,NA,NA,NA,NA,NA,NA,NA,NA,NA,NA,NA,NA,NA,NA,NA,NA,NA,NA,NA,NA,NA,NA,NA,NA,NA,NA,NA,NA,NA,NA,NA,NA,NA,NA,NA,NA,NA,NA,NA,NA,NA,NA,NA,NA,NA,NA,NA,NA,NA,NA,NA,NA,NA,NA,NA,NA,NA,NA,NA,NA,NA,NA,NA,NA,NA,NA,NA,NA,NA,NA,NA,"0.0200000000000062",NA,"0.49",NA,NA,NA,NA,NA,"0.00374070117871938",NA,"0.02",NA,NA,NA,NA,NA,NA,NA,NA,NA,NA,NA,NA,NA,"0.0517919999999954",NA,"0.39",NA,"0.0731055555555556",NA,"0.29",NA,NA,NA,NA,NA
"2023-05-30 14:17:01","Observed","1","56","1_56","RR00-NT-CR",NA,NA,NA,NA,NA,NA,NA,NA,NA,NA,NA,NA,NA,NA,NA,NA,NA,NA,NA,NA,NA,NA,NA,NA,NA,NA,NA,NA,NA,NA,NA,NA,NA,NA,NA,NA,NA,NA,NA,NA,NA,NA,NA,NA,NA,NA,NA,NA,NA,NA,NA,NA,NA,NA,NA,NA,NA,NA,NA,NA,NA,NA,NA,NA,NA,NA,NA,NA,NA,NA,NA,NA,NA,"-0.135000000000035",NA,"0.91",NA,NA,NA,NA,NA,"0.00374070117871938",NA,"0.02",NA,NA,NA,NA,NA,NA,NA,NA,NA,NA,NA,NA,NA,"0.0270659999999968",NA,"0.15",NA,"0.0755157407407407",NA,"0.32",NA,NA,NA,NA,NA
"2023-05-30 14:19:00","Observed","1","7","1_7","CN",NA,NA,NA,NA,NA,NA,NA,NA,NA,NA,NA,NA,NA,NA,NA,NA,NA,NA,NA,NA,NA,NA,NA,NA,NA,NA,NA,NA,NA,NA,NA,NA,NA,NA,NA,NA,NA,NA,NA,NA,NA,NA,NA,NA,NA,NA,NA,NA,NA,NA,NA,NA,NA,NA,NA,NA,NA,NA,NA,NA,NA,NA,NA,NA,NA,NA,NA,NA,NA,NA,NA,NA,NA,"-0.239999999999959",NA,"1",NA,NA,NA,NA,NA,"0.00374070117871938",NA,"0.02",NA,NA,NA,NA,NA,NA,NA,NA,NA,NA,NA,NA,NA,"-0.005694",NA,"0",NA,"0.0707237237237219",NA,"0.1",NA,NA,NA,NA,NA
"2023-05-30 14:20:58","Observed","1","8","1_8","CC-NT-CR",NA,NA,NA,NA,NA,NA,NA,NA,NA,NA,NA,NA,NA,NA,NA,NA,NA,NA,NA,NA,NA,NA,NA,NA,NA,NA,NA,NA,NA,NA,NA,NA,NA,NA,NA,NA,NA,NA,NA,NA,NA,NA,NA,NA,NA,NA,NA,NA,NA,NA,NA,NA,NA,NA,NA,NA,NA,NA,NA,NA,NA,NA,NA,NA,NA,NA,NA,NA,NA,NA,NA,NA,NA,"-0.0100000000000184",NA,"0.01",NA,NA,NA,NA,NA,"0.00374070117871938",NA,"0.02",NA,NA,NA,NA,NA,NA,NA,NA,NA,NA,NA,NA,NA,"0.00195000000000194",NA,"0",NA,"-0.00513817663817671",NA,"0",NA,"-0.215870288845581",NA,"1",NA
"2023-05-30 14:42:30","Observed","1","3","1_3","CC-CR",NA,NA,NA,NA,NA,NA,NA,NA,NA,NA,NA,NA,NA,NA,NA,NA,NA,NA,NA,NA,NA,NA,NA,NA,NA,NA,NA,NA,NA,NA,NA,NA,NA,NA,NA,NA,NA,NA,NA,NA,NA,NA,NA,NA,NA,NA,NA,NA,NA,NA,NA,NA,NA,NA,NA,NA,NA,NA,NA,NA,NA,NA,NA,NA,NA,NA,NA,NA,NA,NA,NA,NA,NA,"0.0349999999999903",NA,"0.06",NA,NA,NA,NA,NA,"0.00374070117871938",NA,"0.02",NA,NA,NA,NA,NA,NA,NA,NA,NA,NA,NA,NA,NA,"0.0114660000000018",NA,"0.01",NA,"-0.0370427350427362",NA,"0.04",NA,"-0.302721341435502",NA,"1",NA
"2023-05-30 15:36:10","Observed","1","53","1_53","RR00-CR",NA,NA,NA,NA,NA,NA,NA,NA,NA,NA,NA,NA,NA,NA,NA,NA,NA,NA,NA,NA,NA,NA,NA,NA,NA,NA,NA,NA,NA,NA,NA,NA,NA,NA,NA,NA,NA,NA,NA,NA,NA,NA,NA,NA,NA,NA,NA,NA,NA,NA,NA,NA,NA,NA,NA,NA,NA,NA,NA,NA,NA,NA,NA,NA,NA,NA,NA,NA,NA,NA,NA,NA,NA,"0.0200000000000062",NA,"0.49",NA,NA,NA,NA,NA,"0.00374070117871938",NA,"0.02",NA,NA,NA,NA,NA,NA,NA,NA,NA,NA,NA,NA,NA,"0.0517919999999954",NA,"0.39",NA,"0.0731055555555556",NA,"0.29",NA,NA,NA,NA,NA
"2023-05-30 16:02:53","Observed","1","53","1_53","RR00-CR",NA,NA,NA,NA,NA,NA,NA,NA,NA,NA,NA,NA,NA,NA,NA,NA,NA,NA,NA,NA,NA,NA,NA,NA,NA,NA,NA,NA,NA,NA,NA,NA,NA,NA,NA,NA,NA,NA,NA,NA,NA,NA,NA,NA,NA,NA,NA,NA,NA,NA,NA,NA,NA,NA,NA,NA,NA,NA,NA,NA,NA,NA,NA,NA,NA,NA,NA,NA,NA,NA,NA,NA,NA,"0.0200000000000062",NA,"0.49",NA,NA,NA,NA,NA,"0.00374070117871938",NA,"0.02",NA,NA,NA,NA,NA,NA,NA,NA,NA,NA,NA,NA,NA,"0.0517919999999954",NA,"0.39",NA,"0.0731055555555556",NA,"0.29",NA,NA,NA,NA,NA
"2023-05-30 16:11:07","Observed","1","56","1_56","RR00-NT-CR",NA,NA,NA,NA,NA,NA,NA,NA,NA,NA,NA,NA,NA,NA,NA,NA,NA,NA,NA,NA,NA,NA,NA,NA,NA,NA,NA,NA,NA,NA,NA,NA,NA,NA,NA,NA,NA,NA,NA,NA,NA,NA,NA,NA,NA,NA,NA,NA,NA,NA,NA,NA,NA,NA,NA,NA,NA,NA,NA,NA,NA,NA,NA,NA,NA,NA,NA,NA,NA,NA,NA,NA,NA,"-0.135000000000035",NA,"0.91",NA,NA,NA,NA,NA,"0.00374070117871938",NA,"0.02",NA,NA,NA,NA,NA,NA,NA,NA,NA,NA,NA,NA,NA,"0.0270659999999968",NA,"0.15",NA,"0.0755157407407407",NA,"0.32",NA,NA,NA,NA,NA
"2023-05-30 16:11:24","Observed","1","56","1_56","RR00-NT-CR",NA,NA,NA,NA,NA,NA,NA,NA,NA,NA,NA,NA,NA,NA,NA,NA,NA,NA,NA,NA,NA,NA,NA,NA,NA,NA,NA,NA,NA,NA,NA,NA,NA,NA,NA,NA,NA,NA,NA,NA,NA,NA,NA,NA,NA,NA,NA,NA,NA,NA,NA,NA,NA,NA,NA,NA,NA,NA,NA,NA,NA,NA,NA,NA,NA,NA,NA,NA,NA,NA,NA,NA,NA,"-0.135000000000035",NA,"0.91",NA,NA,NA,NA,NA,"0.00374070117871938",NA,"0.02",NA,NA,NA,NA,NA,NA,NA,NA,NA,NA,NA,NA,NA,"0.0270659999999968",NA,"0.15",NA,"0.0755157407407407",NA,"0.32",NA,NA,NA,NA,NA
"2023-05-30 16:30:21","Observed","1","56","1_56","RR00-NT-CR",NA,NA,NA,NA,NA,NA,NA,NA,NA,NA,NA,NA,NA,NA,NA,NA,NA,NA,NA,NA,NA,NA,NA,NA,NA,NA,NA,NA,NA,NA,NA,NA,NA,NA,NA,NA,NA,NA,NA,NA,NA,NA,NA,NA,NA,NA,NA,NA,NA,NA,NA,NA,NA,NA,NA,NA,NA,NA,NA,NA,NA,NA,NA,NA,NA,NA,NA,NA,NA,NA,NA,NA,NA,"-0.135000000000035",NA,"0.91",NA,NA,NA,NA,NA,"0.00374070117871938",NA,"0.02",NA,NA,NA,NA,NA,NA,NA,NA,NA,NA,NA,NA,NA,"0.0270659999999968",NA,"0.15",NA,"0.0755157407407407",NA,"0.32",NA,NA,NA,NA,NA
"2023-05-30 16:39:58","Observed","1","53","1_53","RR00-CR",NA,NA,NA,NA,NA,NA,NA,NA,NA,NA,NA,NA,NA,NA,NA,NA,NA,NA,NA,NA,NA,NA,NA,NA,NA,NA,NA,NA,NA,NA,NA,NA,NA,NA,NA,NA,NA,NA,NA,NA,NA,NA,NA,NA,NA,NA,NA,NA,NA,NA,NA,NA,NA,NA,NA,NA,NA,NA,NA,NA,NA,NA,NA,NA,NA,NA,NA,NA,NA,NA,NA,NA,NA,"0.0200000000000062",NA,"0.49",NA,NA,NA,NA,NA,"0.00374070117871938",NA,"0.02",NA,NA,NA,NA,NA,NA,NA,NA,NA,NA,NA,NA,NA,"0.0517919999999954",NA,"0.39",NA,"0.0731055555555556",NA,"0.29",NA,NA,NA,NA,NA
"2023-05-30 16:47:35","Observed","1","3","1_3","CC-CR",NA,NA,NA,NA,NA,NA,NA,NA,NA,NA,NA,NA,NA,NA,NA,NA,NA,NA,NA,NA,NA,NA,NA,NA,NA,NA,NA,NA,NA,NA,NA,NA,NA,NA,NA,NA,NA,NA,NA,NA,NA,NA,NA,NA,NA,NA,NA,NA,NA,NA,NA,NA,NA,NA,NA,NA,NA,NA,NA,NA,NA,NA,NA,NA,NA,NA,NA,NA,NA,NA,NA,NA,NA,"0.0349999999999903",NA,"0.06",NA,NA,NA,NA,NA,"0.00374070117871938",NA,"0.02",NA,NA,NA,NA,NA,NA,NA,NA,NA,NA,NA,NA,NA,"0.0114660000000018",NA,"0.01",NA,"-0.0370427350427362",NA,"0.04",NA,"-0.302721341435502",NA,"1",NA
"2023-05-30 16:53:05","Observed","1","3","1_3","CC-CR",NA,NA,NA,NA,NA,NA,NA,NA,NA,NA,NA,NA,NA,NA,NA,NA,NA,NA,NA,NA,NA,NA,NA,NA,NA,NA,NA,NA,NA,NA,NA,NA,NA,NA,NA,NA,NA,NA,NA,NA,NA,NA,NA,NA,NA,NA,NA,NA,NA,NA,NA,NA,NA,NA,NA,NA,NA,NA,NA,NA,NA,NA,NA,NA,NA,NA,NA,NA,NA,NA,NA,NA,NA,"0.0349999999999903",NA,"0.06",NA,NA,NA,NA,NA,"0.00374070117871938",NA,"0.02",NA,NA,NA,NA,NA,NA,NA,NA,NA,NA,NA,NA,NA,"0.0114660000000018",NA,"0.01",NA,"-0.0370427350427362",NA,"0.04",NA,"-0.302721341435502",NA,"1",NA
"2023-05-30 17:00:18","Observed","1","3","1_3","CC-CR",NA,NA,NA,NA,NA,NA,NA,NA,NA,NA,NA,NA,NA,NA,NA,NA,NA,NA,NA,NA,NA,NA,NA,NA,NA,NA,NA,NA,NA,NA,NA,NA,NA,NA,NA,NA,NA,NA,NA,NA,NA,NA,NA,NA,NA,NA,NA,NA,NA,NA,NA,NA,NA,NA,NA,NA,NA,NA,NA,NA,NA,NA,NA,NA,NA,NA,NA,NA,NA,NA,NA,NA,NA,"0.0349999999999903",NA,"0.06",NA,NA,NA,NA,NA,"0.00374070117871938",NA,"0.02",NA,NA,NA,NA,NA,NA,NA,NA,NA,NA,NA,NA,NA,"0.0114660000000018",NA,"0.01",NA,"-0.0370427350427362",NA,"0.04",NA,"-0.302721341435502",NA,"1",NA
"2023-05-30 17:07:28","Observed","1","3","1_3","CC-CR",NA,NA,NA,NA,NA,NA,NA,NA,NA,NA,NA,NA,NA,NA,NA,NA,NA,NA,NA,NA,NA,NA,NA,NA,NA,NA,NA,NA,NA,NA,NA,NA,NA,NA,NA,NA,NA,NA,NA,NA,NA,NA,NA,NA,NA,NA,NA,NA,NA,NA,NA,NA,NA,NA,NA,NA,NA,NA,NA,NA,NA,NA,NA,NA,NA,NA,NA,NA,NA,NA,NA,NA,NA,"0.0349999999999903",NA,"0.06",NA,NA,NA,NA,NA,"0.00374070117871938",NA,"0.02",NA,NA,NA,NA,NA,NA,NA,NA,NA,NA,NA,NA,NA,"0.0114660000000018",NA,"0.01",NA,"-0.0370427350427362",NA,"0.04",NA,"-0.302721341435502",NA,"1",NA
"2023-05-30 17:21:11","Observed","1","53","1_53","RR00-CR",NA,NA,NA,NA,NA,NA,NA,NA,NA,NA,NA,NA,NA,NA,NA,NA,NA,NA,NA,NA,NA,NA,NA,NA,NA,NA,NA,NA,NA,NA,NA,NA,NA,NA,NA,NA,NA,NA,NA,NA,NA,NA,NA,NA,NA,NA,NA,NA,NA,NA,NA,NA,NA,NA,NA,NA,NA,NA,NA,NA,NA,NA,NA,NA,NA,NA,NA,NA,NA,NA,NA,NA,NA,"0.0200000000000062",NA,"0.49",NA,NA,NA,NA,NA,"0.00374070117871938",NA,"0.02",NA,NA,NA,NA,NA,NA,NA,NA,NA,NA,NA,NA,NA,"0.0517919999999954",NA,"0.39",NA,"0.0731055555555556",NA,"0.29",NA,NA,NA,NA,NA
"2023-05-30 17:26:58","Observed","1","56","1_56","RR00-NT-CR",NA,NA,NA,NA,NA,NA,NA,NA,NA,NA,NA,NA,NA,NA,NA,NA,NA,NA,NA,NA,NA,NA,NA,NA,NA,NA,NA,NA,NA,NA,NA,NA,NA,NA,NA,NA,NA,NA,NA,NA,NA,NA,NA,NA,NA,NA,NA,NA,NA,NA,NA,NA,NA,NA,NA,NA,NA,NA,NA,NA,NA,NA,NA,NA,NA,NA,NA,NA,NA,NA,NA,NA,NA,"-0.135000000000035",NA,"0.91",NA,NA,NA,NA,NA,"0.00374070117871938",NA,"0.02",NA,NA,NA,NA,NA,NA,NA,NA,NA,NA,NA,NA,NA,"0.0270659999999968",NA,"0.15",NA,"0.0755157407407407",NA,"0.32",NA,NA,NA,NA,NA
"2023-05-30 17:28:54","Observed","1","8","1_8","CC-NT-CR",NA,NA,NA,NA,NA,NA,NA,NA,NA,NA,NA,NA,NA,NA,NA,NA,NA,NA,NA,NA,NA,NA,NA,NA,NA,NA,NA,NA,NA,NA,NA,NA,NA,NA,NA,NA,NA,NA,NA,NA,NA,NA,NA,NA,NA,NA,NA,NA,NA,NA,NA,NA,NA,NA,NA,NA,NA,NA,NA,NA,NA,NA,NA,NA,NA,NA,NA,NA,NA,NA,NA,NA,NA,"-0.0100000000000184",NA,"0.01",NA,NA,NA,NA,NA,"0.00374070117871938",NA,"0.02",NA,NA,NA,NA,NA,NA,NA,NA,NA,NA,NA,NA,NA,"0.00195000000000194",NA,"0",NA,"-0.00513817663817671",NA,"0",NA,"-0.215870288845581",NA,"1",NA
"2023-05-30 17:30:51","Observed","2","3","2_3","CC-CR",NA,NA,NA,NA,NA,NA,NA,NA,NA,NA,NA,NA,NA,NA,NA,NA,NA,NA,NA,NA,NA,NA,NA,NA,NA,NA,NA,NA,NA,NA,NA,NA,NA,NA,NA,NA,NA,NA,NA,NA,NA,NA,NA,NA,NA,NA,NA,NA,NA,NA,NA,NA,NA,NA,NA,NA,NA,NA,NA,NA,NA,NA,NA,NA,NA,NA,NA,NA,NA,NA,NA,NA,NA,"0.0349999999999903",NA,"0.06",NA,NA,NA,NA,NA,"0.00374070117871938",NA,"0.02",NA,NA,NA,NA,NA,NA,NA,NA,NA,NA,NA,NA,NA,"0.0114660000000018",NA,"0.01",NA,"-0.0370427350427362",NA,"0.04",NA,"-0.302721341435502",NA,"1",NA
"2023-05-30 22:36:46","Observed","1","3","1_3","CC-CR",NA,NA,NA,NA,NA,NA,NA,NA,NA,NA,NA,NA,NA,NA,NA,NA,NA,NA,NA,NA,NA,NA,NA,NA,NA,NA,NA,NA,NA,NA,NA,NA,NA,NA,NA,NA,NA,NA,NA,NA,NA,NA,NA,NA,NA,NA,NA,NA,NA,NA,NA,NA,NA,NA,NA,NA,NA,NA,NA,NA,NA,NA,NA,NA,NA,NA,NA,NA,NA,NA,NA,NA,NA,"0.0349999999999903",NA,"0.06",NA,NA,NA,NA,NA,"0.00374070117871938",NA,"0.02",NA,NA,NA,NA,NA,NA,NA,NA,NA,NA,NA,NA,NA,"0.0114660000000018",NA,"0.01",NA,"-0.0370427350427362",NA,"0.04",NA,"-0.302721341435502",NA,"1",NA
"2023-05-30 22:47:42","Observed","1","53","1_53","RR00-CR",NA,NA,NA,NA,NA,NA,NA,NA,NA,NA,NA,NA,NA,NA,NA,NA,NA,NA,NA,NA,NA,NA,NA,NA,NA,NA,NA,NA,NA,NA,NA,NA,NA,NA,NA,NA,NA,NA,NA,NA,NA,NA,NA,NA,NA,NA,NA,NA,NA,NA,NA,NA,NA,NA,NA,NA,NA,NA,NA,NA,NA,NA,NA,NA,NA,NA,NA,NA,NA,NA,NA,NA,NA,"0.0200000000000062",NA,"0.49",NA,NA,NA,NA,NA,"0.00374070117871938",NA,"0.02",NA,NA,NA,NA,NA,NA,NA,NA,NA,NA,NA,NA,NA,"0.0517919999999954",NA,"0.39",NA,"0.0731055555555556",NA,"0.29",NA,NA,NA,NA,NA
"2023-05-30 23:00:17","Observed","1","56","1_56","RR00-NT-CR",NA,NA,NA,NA,NA,NA,NA,NA,NA,NA,NA,NA,NA,NA,NA,NA,NA,NA,NA,NA,NA,NA,NA,NA,NA,NA,NA,NA,NA,NA,NA,NA,NA,NA,NA,NA,NA,NA,NA,NA,NA,NA,NA,NA,NA,NA,NA,NA,NA,NA,NA,NA,NA,NA,NA,NA,NA,NA,NA,NA,NA,NA,NA,NA,NA,NA,NA,NA,NA,NA,NA,NA,NA,"-0.135000000000035",NA,"0.91",NA,NA,NA,NA,NA,"0.00374070117871938",NA,"0.02",NA,NA,NA,NA,NA,NA,NA,NA,NA,NA,NA,NA,NA,"0.0270659999999968",NA,"0.15",NA,"0.0755157407407407",NA,"0.32",NA,NA,NA,NA,NA
"2023-05-30 23:04:33","Observed","1","8","1_8","CC-NT-CR",NA,NA,NA,NA,NA,NA,NA,NA,NA,NA,NA,NA,NA,NA,NA,NA,NA,NA,NA,NA,NA,NA,NA,NA,NA,NA,NA,NA,NA,NA,NA,NA,NA,NA,NA,NA,NA,NA,NA,NA,NA,NA,NA,NA,NA,NA,NA,NA,NA,NA,NA,NA,NA,NA,NA,NA,NA,NA,NA,NA,NA,NA,NA,NA,NA,NA,NA,NA,NA,NA,NA,NA,NA,"-0.0100000000000184",NA,"0.01",NA,NA,NA,NA,NA,"0.00374070117871938",NA,"0.02",NA,NA,NA,NA,NA,NA,NA,NA,NA,NA,NA,NA,NA,"0.00195000000000194",NA,"0",NA,"-0.00513817663817671",NA,"0",NA,"-0.215870288845581",NA,"1",NA
"2023-05-31 09:45:18","Observed","1","3","1_3","CC-CR",NA,NA,NA,NA,NA,NA,NA,NA,NA,NA,NA,NA,NA,NA,NA,NA,NA,NA,NA,NA,NA,NA,NA,NA,NA,NA,NA,NA,NA,NA,NA,NA,NA,NA,NA,NA,NA,NA,NA,NA,NA,NA,NA,NA,NA,NA,NA,NA,NA,NA,NA,NA,NA,NA,NA,NA,NA,NA,NA,NA,NA,NA,NA,NA,NA,NA,NA,NA,NA,NA,NA,NA,NA,"0.0349999999999903",NA,"0.06",NA,NA,NA,NA,NA,"0.00374070117871938",NA,"0.02",NA,NA,NA,NA,NA,NA,NA,NA,NA,NA,NA,NA,NA,"0.0114660000000018",NA,"0.01",NA,"-0.0370427350427362",NA,"0.04",NA,"-0.302721341435502",NA,"1",NA
"2023-05-31 10:01:04","Observed","1","3","1_3","CC-CR",NA,NA,NA,NA,NA,NA,NA,NA,NA,NA,NA,NA,NA,NA,NA,NA,NA,NA,NA,NA,NA,NA,NA,NA,NA,NA,NA,NA,NA,NA,NA,NA,NA,NA,NA,NA,NA,NA,NA,NA,NA,NA,NA,NA,NA,NA,NA,NA,NA,NA,NA,NA,NA,NA,NA,NA,NA,NA,NA,NA,NA,NA,NA,NA,NA,NA,NA,NA,NA,NA,NA,NA,NA,"0.0349999999999903",NA,"0.06",NA,NA,NA,NA,NA,"0.00374070117871938",NA,"0.02",NA,NA,NA,NA,NA,NA,NA,NA,NA,NA,NA,NA,NA,"0.0114660000000018",NA,"0.01",NA,"-0.0370427350427362",NA,"0.04",NA,"-0.302721341435502",NA,"1",NA
"2023-05-31 13:02:50","Observed","1","3","1_3","CC-CR",NA,NA,NA,NA,NA,NA,NA,NA,NA,NA,NA,NA,NA,NA,NA,NA,NA,NA,NA,NA,NA,NA,NA,NA,NA,NA,NA,NA,NA,NA,NA,NA,NA,NA,NA,NA,NA,NA,NA,NA,NA,NA,NA,NA,NA,NA,NA,NA,NA,NA,NA,NA,NA,NA,NA,NA,NA,NA,NA,NA,NA,NA,NA,NA,NA,NA,NA,NA,NA,NA,NA,NA,NA,"0.0349999999999903",NA,"0.06",NA,NA,NA,NA,NA,"0.00374070117871938",NA,"0.02",NA,NA,NA,NA,NA,NA,NA,NA,NA,NA,NA,NA,NA,"0.0114660000000018",NA,"0.01",NA,"-0.0370427350427362",NA,"0.04",NA,"-0.302721341435502",NA,"1",NA
"2023-05-31 14:02:36","Observed","1","3","1_3","CC-CR",NA,NA,NA,NA,NA,NA,NA,NA,NA,NA,NA,NA,NA,NA,NA,NA,NA,NA,NA,NA,NA,NA,NA,NA,NA,NA,NA,NA,NA,NA,NA,NA,NA,NA,NA,NA,NA,NA,NA,NA,NA,NA,NA,NA,NA,NA,NA,NA,NA,NA,NA,NA,NA,NA,NA,NA,NA,NA,NA,NA,NA,NA,NA,NA,NA,NA,NA,NA,NA,NA,NA,NA,NA,"0.0349999999999903",NA,"0.06",NA,NA,NA,NA,NA,"0.00374070117871938",NA,"0.02",NA,NA,NA,NA,NA,NA,NA,NA,NA,NA,NA,NA,NA,"0.0114660000000018",NA,"0.01",NA,"-0.0370427350427362",NA,"0.04",NA,"-0.302721341435502",NA,"1",NA
"2023-05-31 14:07:26","Observed","1","3","1_3","CC-CR",NA,NA,NA,NA,NA,NA,NA,NA,NA,NA,NA,NA,NA,NA,NA,NA,NA,NA,NA,NA,NA,NA,NA,NA,NA,NA,NA,NA,NA,NA,NA,NA,NA,NA,NA,NA,NA,NA,NA,NA,NA,NA,NA,NA,NA,NA,NA,NA,NA,NA,NA,NA,NA,NA,NA,NA,NA,NA,NA,NA,NA,NA,NA,NA,NA,NA,NA,NA,NA,NA,NA,NA,NA,"0.0349999999999903",NA,"0.06",NA,NA,NA,NA,NA,"0.00374070117871938",NA,"0.02",NA,NA,NA,NA,NA,NA,NA,NA,NA,NA,NA,NA,NA,"0.0114660000000018",NA,"0.01",NA,"-0.0370427350427362",NA,"0.04",NA,"-0.302721341435502",NA,"1",NA
"2023-05-31 14:12:49","Observed","1","3","1_3","CC-CR",NA,NA,NA,NA,NA,NA,NA,NA,NA,NA,NA,NA,NA,NA,NA,NA,NA,NA,NA,NA,NA,NA,NA,NA,NA,NA,NA,NA,NA,NA,NA,NA,NA,NA,NA,NA,NA,NA,NA,NA,NA,NA,NA,NA,NA,NA,NA,NA,NA,NA,NA,NA,NA,NA,NA,NA,NA,NA,NA,NA,NA,NA,NA,NA,NA,NA,NA,NA,NA,NA,NA,NA,NA,"0.0349999999999903",NA,"0.06",NA,NA,NA,NA,NA,"0.00374070117871938",NA,"0.02",NA,NA,NA,NA,NA,NA,NA,NA,NA,NA,NA,NA,NA,"0.0114660000000018",NA,"0.01",NA,"-0.0370427350427362",NA,"0.04",NA,"-0.302721341435502",NA,"1",NA
"2023-05-31 14:17:35","Observed","1","53","1_53","RR00-CR",NA,NA,NA,NA,NA,NA,NA,NA,NA,NA,NA,NA,NA,NA,NA,NA,NA,NA,NA,NA,NA,NA,NA,NA,NA,NA,NA,NA,NA,NA,NA,NA,NA,NA,NA,NA,NA,NA,NA,NA,NA,NA,NA,NA,NA,NA,NA,NA,NA,NA,NA,NA,NA,NA,NA,NA,NA,NA,NA,NA,NA,NA,NA,NA,NA,NA,NA,NA,NA,NA,NA,NA,NA,"0.0200000000000062",NA,"0.49",NA,NA,NA,NA,NA,"0.00374070117871938",NA,"0.02",NA,NA,NA,NA,NA,NA,NA,NA,NA,NA,NA,NA,NA,"0.0517919999999954",NA,"0.39",NA,"0.0731055555555556",NA,"0.29",NA,NA,NA,NA,NA
"2023-05-31 14:22:28","Observed","1","56","1_56","RR00-NT-CR",NA,NA,NA,NA,NA,NA,NA,NA,NA,NA,NA,NA,NA,NA,NA,NA,NA,NA,NA,NA,NA,NA,NA,NA,NA,NA,NA,NA,NA,NA,NA,NA,NA,NA,NA,NA,NA,NA,NA,NA,NA,NA,NA,NA,NA,NA,NA,NA,NA,NA,NA,NA,NA,NA,NA,NA,NA,NA,NA,NA,NA,NA,NA,NA,NA,NA,NA,NA,NA,NA,NA,NA,NA,"-0.135000000000035",NA,"0.91",NA,NA,NA,NA,NA,"0.00374070117871938",NA,"0.02",NA,NA,NA,NA,NA,NA,NA,NA,NA,NA,NA,NA,NA,"0.0270659999999968",NA,"0.15",NA,"0.0755157407407407",NA,"0.32",NA,NA,NA,NA,NA
"2023-05-31 14:24:02","Observed","1","7","1_7","CN",NA,NA,NA,NA,NA,NA,NA,NA,NA,NA,NA,NA,NA,NA,NA,NA,NA,NA,NA,NA,NA,NA,NA,NA,NA,NA,NA,NA,NA,NA,NA,NA,NA,NA,NA,NA,NA,NA,NA,NA,NA,NA,NA,NA,NA,NA,NA,NA,NA,NA,NA,NA,NA,NA,NA,NA,NA,NA,NA,NA,NA,NA,NA,NA,NA,NA,NA,NA,NA,NA,NA,NA,NA,"-0.239999999999959",NA,"1",NA,NA,NA,NA,NA,"0.00374070117871938",NA,"0.02",NA,NA,NA,NA,NA,NA,NA,NA,NA,NA,NA,NA,NA,"-0.005694",NA,"0",NA,"0.0707237237237219",NA,"0.1",NA,NA,NA,NA,NA
"2023-05-31 14:36:45","Observed","1","7","1_7","CN",NA,NA,NA,NA,NA,NA,NA,NA,NA,NA,NA,NA,NA,NA,NA,NA,NA,NA,NA,NA,NA,NA,NA,NA,NA,NA,NA,NA,NA,NA,NA,NA,NA,NA,NA,NA,NA,NA,NA,NA,NA,NA,NA,NA,NA,NA,NA,NA,NA,NA,NA,NA,NA,NA,NA,NA,NA,NA,NA,NA,NA,NA,NA,NA,NA,NA,NA,NA,NA,NA,NA,NA,NA,"-0.239999999999959",NA,"1",NA,NA,NA,NA,NA,"0.00374070117871938",NA,"0.02",NA,NA,NA,NA,NA,NA,NA,NA,NA,NA,NA,NA,NA,"-0.005694",NA,"0",NA,"0.0707237237237219",NA,"0.1",NA,NA,NA,NA,NA
"2023-05-31 14:46:19","Observed","1","7","1_7","CN",NA,NA,NA,NA,NA,NA,NA,NA,NA,NA,NA,NA,NA,NA,NA,NA,NA,NA,NA,NA,NA,NA,NA,NA,NA,NA,NA,NA,NA,NA,NA,NA,NA,NA,NA,NA,NA,NA,NA,NA,NA,NA,NA,NA,NA,NA,NA,NA,NA,NA,NA,NA,NA,NA,NA,NA,NA,NA,NA,NA,NA,NA,NA,NA,NA,NA,NA,NA,NA,NA,NA,NA,NA,"-0.239999999999959",NA,"1",NA,NA,NA,NA,NA,"0.00374070117871938",NA,"0.02",NA,NA,NA,NA,NA,NA,NA,NA,NA,NA,NA,NA,NA,"-0.005694",NA,"0",NA,"0.0707237237237219",NA,"0.1",NA,NA,NA,NA,NA
"2023-05-31 14:47:56","Observed","1","8","1_8","CC-NT-CR",NA,NA,NA,NA,NA,NA,NA,NA,NA,NA,NA,NA,NA,NA,NA,NA,NA,NA,NA,NA,NA,NA,NA,NA,NA,NA,NA,NA,NA,NA,NA,NA,NA,NA,NA,NA,NA,NA,NA,NA,NA,NA,NA,NA,NA,NA,NA,NA,NA,NA,NA,NA,NA,NA,NA,NA,NA,NA,NA,NA,NA,NA,NA,NA,NA,NA,NA,NA,NA,NA,NA,NA,NA,"-0.0100000000000184",NA,"0.01",NA,NA,NA,NA,NA,"0.00374070117871938",NA,"0.02",NA,NA,NA,NA,NA,NA,NA,NA,NA,NA,NA,NA,NA,"0.00195000000000194",NA,"0",NA,"-0.00513817663817671",NA,"0",NA,"-0.215870288845581",NA,"1",NA
"2023-05-31 15:10:14","Observed","1","3","1_3","CC-CR",NA,NA,NA,NA,NA,NA,NA,NA,NA,NA,NA,NA,NA,NA,NA,NA,NA,NA,NA,NA,NA,NA,NA,NA,NA,NA,NA,NA,NA,NA,NA,NA,NA,NA,NA,NA,NA,NA,NA,NA,NA,NA,NA,NA,NA,NA,NA,NA,NA,NA,NA,NA,NA,NA,NA,NA,NA,NA,NA,NA,NA,NA,NA,NA,NA,NA,NA,NA,NA,NA,NA,NA,NA,"0.0349999999999903",NA,"0.06",NA,NA,NA,NA,NA,"0.00374070117871938",NA,"0.02",NA,NA,NA,NA,NA,NA,NA,NA,NA,NA,NA,NA,NA,"0.0114660000000018",NA,"0.01",NA,"-0.0370427350427362",NA,"0.04",NA,"-0.302721341435502",NA,"1",NA
"2023-05-31 15:10:33","Observed","1","3","1_3","CC-CR",NA,NA,NA,NA,NA,NA,NA,NA,NA,NA,NA,NA,NA,NA,NA,NA,NA,NA,NA,NA,NA,NA,NA,NA,NA,NA,NA,NA,NA,NA,NA,NA,NA,NA,NA,NA,NA,NA,NA,NA,NA,NA,NA,NA,NA,NA,NA,NA,NA,NA,NA,NA,NA,NA,NA,NA,NA,NA,NA,NA,NA,NA,NA,NA,NA,NA,NA,NA,NA,NA,NA,NA,NA,"0.0349999999999903",NA,"0.06",NA,NA,NA,NA,NA,"0.00374070117871938",NA,"0.02",NA,NA,NA,NA,NA,NA,NA,NA,NA,NA,NA,NA,NA,"0.0114660000000018",NA,"0.01",NA,"-0.0370427350427362",NA,"0.04",NA,"-0.302721341435502",NA,"1",NA
"2023-05-31 15:27:50","Observed","1","3","1_3","CC-CR",NA,NA,NA,NA,NA,NA,NA,NA,NA,NA,NA,NA,NA,NA,NA,NA,NA,NA,NA,NA,NA,NA,NA,NA,NA,NA,NA,NA,NA,NA,NA,NA,NA,NA,NA,NA,NA,NA,NA,NA,NA,NA,NA,NA,NA,NA,NA,NA,NA,NA,NA,NA,NA,NA,NA,NA,NA,NA,NA,NA,NA,NA,NA,NA,NA,NA,NA,NA,NA,NA,NA,NA,NA,"0.0349999999999903",NA,"0.06",NA,NA,NA,NA,NA,"0.00374070117871938",NA,"0.02",NA,NA,NA,NA,NA,NA,NA,NA,NA,NA,NA,NA,NA,"0.0114660000000018",NA,"0.01",NA,"-0.0370427350427362",NA,"0.04",NA,"-0.302721341435502",NA,"1",NA
"2023-05-31 15:31:02","Observed","1","3","1_3","CC-CR",NA,NA,NA,NA,NA,NA,NA,NA,NA,NA,NA,NA,NA,NA,NA,NA,NA,NA,NA,NA,NA,NA,NA,NA,NA,NA,NA,NA,NA,NA,NA,NA,NA,NA,NA,NA,NA,NA,NA,NA,NA,NA,NA,NA,NA,NA,NA,NA,NA,NA,NA,NA,NA,NA,NA,NA,NA,NA,NA,NA,NA,NA,NA,NA,NA,NA,NA,NA,NA,NA,NA,NA,NA,"0.0349999999999903",NA,"0.06",NA,NA,NA,NA,NA,"0.00374070117871938",NA,"0.02",NA,NA,NA,NA,NA,NA,NA,NA,NA,NA,NA,NA,NA,"0.0114660000000018",NA,"0.01",NA,"-0.0370427350427362",NA,"0.04",NA,"-0.302721341435502",NA,"1",NA
"2023-05-31 15:34:45","Observed","1","53","1_53","RR00-CR",NA,NA,NA,NA,NA,NA,NA,NA,NA,NA,NA,NA,NA,NA,NA,NA,NA,NA,NA,NA,NA,NA,NA,NA,NA,NA,NA,NA,NA,NA,NA,NA,NA,NA,NA,NA,NA,NA,NA,NA,NA,NA,NA,NA,NA,NA,NA,NA,NA,NA,NA,NA,NA,NA,NA,NA,NA,NA,NA,NA,NA,NA,NA,NA,NA,NA,NA,NA,NA,NA,NA,NA,NA,"0.0200000000000062",NA,"0.49",NA,NA,NA,NA,NA,"0.00374070117871938",NA,"0.02",NA,NA,NA,NA,NA,NA,NA,NA,NA,NA,NA,NA,NA,"0.0517919999999954",NA,"0.39",NA,"0.0731055555555556",NA,"0.29",NA,NA,NA,NA,NA
"2023-05-31 15:38:22","Observed","1","56","1_56","RR00-NT-CR",NA,NA,NA,NA,NA,NA,NA,NA,NA,NA,NA,NA,NA,NA,NA,NA,NA,NA,NA,NA,NA,NA,NA,NA,NA,NA,NA,NA,NA,NA,NA,NA,NA,NA,NA,NA,NA,NA,NA,NA,NA,NA,NA,NA,NA,NA,NA,NA,NA,NA,NA,NA,NA,NA,NA,NA,NA,NA,NA,NA,NA,NA,NA,NA,NA,NA,NA,NA,NA,NA,NA,NA,NA,"-0.135000000000035",NA,"0.91",NA,NA,NA,NA,NA,"0.00374070117871938",NA,"0.02",NA,NA,NA,NA,NA,NA,NA,NA,NA,NA,NA,NA,NA,"0.0270659999999968",NA,"0.15",NA,"0.0755157407407407",NA,"0.32",NA,NA,NA,NA,NA
"2023-05-31 15:39:38","Observed","1","7","1_7","CN",NA,NA,NA,NA,NA,NA,NA,NA,NA,NA,NA,NA,NA,NA,NA,NA,NA,NA,NA,NA,NA,NA,NA,NA,NA,NA,NA,NA,NA,NA,NA,NA,NA,NA,NA,NA,NA,NA,NA,NA,NA,NA,NA,NA,NA,NA,NA,NA,NA,NA,NA,NA,NA,NA,NA,NA,NA,NA,NA,NA,NA,NA,NA,NA,NA,NA,NA,NA,NA,NA,NA,NA,NA,"-0.239999999999959",NA,"1",NA,NA,NA,NA,NA,"0.00374070117871938",NA,"0.02",NA,NA,NA,NA,NA,NA,NA,NA,NA,NA,NA,NA,NA,"-0.005694",NA,"0",NA,"0.0707237237237219",NA,"0.1",NA,NA,NA,NA,NA
"2023-05-31 15:40:46","Observed","1","8","1_8","CC-NT-CR",NA,NA,NA,NA,NA,NA,NA,NA,NA,NA,NA,NA,NA,NA,NA,NA,NA,NA,NA,NA,NA,NA,NA,NA,NA,NA,NA,NA,NA,NA,NA,NA,NA,NA,NA,NA,NA,NA,NA,NA,NA,NA,NA,NA,NA,NA,NA,NA,NA,NA,NA,NA,NA,NA,NA,NA,NA,NA,NA,NA,NA,NA,NA,NA,NA,NA,NA,NA,NA,NA,NA,NA,NA,"-0.0100000000000184",NA,"0.01",NA,NA,NA,NA,NA,"0.00374070117871938",NA,"0.02",NA,NA,NA,NA,NA,NA,NA,NA,NA,NA,NA,NA,NA,"0.00195000000000194",NA,"0",NA,"-0.00513817663817671",NA,"0",NA,"-0.215870288845581",NA,"1",NA
"2023-05-31 16:19:56","Observed","1","3","1_3","CC-CR",NA,NA,NA,NA,NA,NA,NA,NA,NA,NA,NA,NA,NA,NA,NA,NA,NA,NA,NA,NA,NA,NA,NA,NA,NA,NA,NA,NA,NA,NA,NA,NA,NA,NA,NA,NA,NA,NA,NA,NA,NA,NA,NA,NA,NA,NA,NA,NA,NA,NA,NA,NA,NA,NA,NA,NA,NA,NA,NA,NA,NA,NA,NA,NA,NA,NA,NA,NA,NA,NA,NA,NA,NA,"0.0349999999999903",NA,"0.06",NA,NA,NA,NA,NA,"0.00374070117871938",NA,"0.02",NA,NA,NA,NA,NA,NA,NA,NA,NA,NA,NA,NA,NA,"0.0114660000000018",NA,"0.01",NA,"-0.0370427350427362",NA,"0.04",NA,"-0.302721341435502",NA,"1",NA
"2023-05-31 16:21:26","Observed","1","3","1_3","CC-CR",NA,NA,NA,NA,NA,NA,NA,NA,NA,NA,NA,NA,NA,NA,NA,NA,NA,NA,NA,NA,NA,NA,NA,NA,NA,NA,NA,NA,NA,NA,NA,NA,NA,NA,NA,NA,NA,NA,NA,NA,NA,NA,NA,NA,NA,NA,NA,NA,NA,NA,NA,NA,NA,NA,NA,NA,NA,NA,NA,NA,NA,NA,NA,NA,NA,NA,NA,NA,NA,NA,NA,NA,NA,"0.0349999999999903",NA,"0.06",NA,NA,NA,NA,NA,"0.00374070117871938",NA,"0.02",NA,NA,NA,NA,NA,NA,NA,NA,NA,NA,NA,NA,NA,"0.0114660000000018",NA,"0.01",NA,"-0.0370427350427362",NA,"0.04",NA,"-0.302721341435502",NA,"1",NA
"2023-05-31 16:24:11","Observed","1","56","1_56","RR00-NT-CR",NA,NA,NA,NA,NA,NA,NA,NA,NA,NA,NA,NA,NA,NA,NA,NA,NA,NA,NA,NA,NA,NA,NA,NA,NA,NA,NA,NA,NA,NA,NA,NA,NA,NA,NA,NA,NA,NA,NA,NA,NA,NA,NA,NA,NA,NA,NA,NA,NA,NA,NA,NA,NA,NA,NA,NA,NA,NA,NA,NA,NA,NA,NA,NA,NA,NA,NA,NA,NA,NA,NA,NA,NA,"-0.135000000000035",NA,"0.91",NA,NA,NA,NA,NA,"0.00374070117871938",NA,"0.02",NA,NA,NA,NA,NA,NA,NA,NA,NA,NA,NA,NA,NA,"0.0270659999999968",NA,"0.15",NA,"0.0755157407407407",NA,"0.32",NA,NA,NA,NA,NA
"2023-05-31 16:24:14","Observed","1","56","1_56","RR00-NT-CR",NA,NA,NA,NA,NA,NA,NA,NA,NA,NA,NA,NA,NA,NA,NA,NA,NA,NA,NA,NA,NA,NA,NA,NA,NA,NA,NA,NA,NA,NA,NA,NA,NA,NA,NA,NA,NA,NA,NA,NA,NA,NA,NA,NA,NA,NA,NA,NA,NA,NA,NA,NA,NA,NA,NA,NA,NA,NA,NA,NA,NA,NA,NA,NA,NA,NA,NA,NA,NA,NA,NA,NA,NA,"-0.135000000000035",NA,"0.91",NA,NA,NA,NA,NA,"0.00374070117871938",NA,"0.02",NA,NA,NA,NA,NA,NA,NA,NA,NA,NA,NA,NA,NA,"0.0270659999999968",NA,"0.15",NA,"0.0755157407407407",NA,"0.32",NA,NA,NA,NA,NA
"2023-05-31 16:27:57","Observed","1","53","1_53","RR00-CR",NA,NA,NA,NA,NA,NA,NA,NA,NA,NA,NA,NA,NA,NA,NA,NA,NA,NA,NA,NA,NA,NA,NA,NA,NA,NA,NA,NA,NA,NA,NA,NA,NA,NA,NA,NA,NA,NA,NA,NA,NA,NA,NA,NA,NA,NA,NA,NA,NA,NA,NA,NA,NA,NA,NA,NA,NA,NA,NA,NA,NA,NA,NA,NA,NA,NA,NA,NA,NA,NA,NA,NA,NA,"0.0200000000000062",NA,"0.49",NA,NA,NA,NA,NA,"0.00374070117871938",NA,"0.02",NA,NA,NA,NA,NA,NA,NA,NA,NA,NA,NA,NA,NA,"0.0517919999999954",NA,"0.39",NA,"0.0731055555555556",NA,"0.29",NA,NA,NA,NA,NA
"2023-05-31 16:28:00","Observed","1","53","1_53","RR00-CR",NA,NA,NA,NA,NA,NA,NA,NA,NA,NA,NA,NA,NA,NA,NA,NA,NA,NA,NA,NA,NA,NA,NA,NA,NA,NA,NA,NA,NA,NA,NA,NA,NA,NA,NA,NA,NA,NA,NA,NA,NA,NA,NA,NA,NA,NA,NA,NA,NA,NA,NA,NA,NA,NA,NA,NA,NA,NA,NA,NA,NA,NA,NA,NA,NA,NA,NA,NA,NA,NA,NA,NA,NA,"0.0200000000000062",NA,"0.49",NA,NA,NA,NA,NA,"0.00374070117871938",NA,"0.02",NA,NA,NA,NA,NA,NA,NA,NA,NA,NA,NA,NA,NA,"0.0517919999999954",NA,"0.39",NA,"0.0731055555555556",NA,"0.29",NA,NA,NA,NA,NA
"2023-05-31 16:29:36","Observed","1","7","1_7","CN",NA,NA,NA,NA,NA,NA,NA,NA,NA,NA,NA,NA,NA,NA,NA,NA,NA,NA,NA,NA,NA,NA,NA,NA,NA,NA,NA,NA,NA,NA,NA,NA,NA,NA,NA,NA,NA,NA,NA,NA,NA,NA,NA,NA,NA,NA,NA,NA,NA,NA,NA,NA,NA,NA,NA,NA,NA,NA,NA,NA,NA,NA,NA,NA,NA,NA,NA,NA,NA,NA,NA,NA,NA,"-0.239999999999959",NA,"1",NA,NA,NA,NA,NA,"0.00374070117871938",NA,"0.02",NA,NA,NA,NA,NA,NA,NA,NA,NA,NA,NA,NA,NA,"-0.005694",NA,"0",NA,"0.0707237237237219",NA,"0.1",NA,NA,NA,NA,NA
"2023-05-31 16:33:18","Observed","1","8","1_8","CC-NT-CR",NA,NA,NA,NA,NA,NA,NA,NA,NA,NA,NA,NA,NA,NA,NA,NA,NA,NA,NA,NA,NA,NA,NA,NA,NA,NA,NA,NA,NA,NA,NA,NA,NA,NA,NA,NA,NA,NA,NA,NA,NA,NA,NA,NA,NA,NA,NA,NA,NA,NA,NA,NA,NA,NA,NA,NA,NA,NA,NA,NA,NA,NA,NA,NA,NA,NA,NA,NA,NA,NA,NA,NA,NA,"-0.0100000000000184",NA,"0.01",NA,NA,NA,NA,NA,"0.00374070117871938",NA,"0.02",NA,NA,NA,NA,NA,NA,NA,NA,NA,NA,NA,NA,NA,"0.00195000000000194",NA,"0",NA,"-0.00513817663817671",NA,"0",NA,"-0.215870288845581",NA,"1",NA
"2023-06-01 13:18:22","Observed","1","3","1_3","CC-CR",NA,NA,NA,NA,NA,NA,NA,NA,NA,NA,NA,NA,NA,NA,NA,NA,NA,NA,NA,NA,NA,NA,NA,NA,NA,NA,NA,NA,NA,NA,NA,NA,NA,NA,NA,NA,NA,NA,NA,NA,NA,NA,NA,NA,NA,NA,NA,NA,NA,NA,NA,NA,NA,NA,NA,NA,NA,NA,NA,NA,NA,NA,NA,NA,NA,NA,NA,NA,NA,NA,NA,NA,NA,"0.0349999999999903",NA,"0.06",NA,NA,NA,NA,NA,"0.00374070117871938",NA,"0.02",NA,NA,NA,NA,NA,NA,NA,NA,NA,NA,NA,NA,NA,"0.0114660000000018",NA,"0.01",NA,"-0.0370427350427362",NA,"0.04",NA,"-0.302721341435502",NA,"1",NA
"2023-06-01 15:28:52","Observed","1","3","1_3","CC-CR",NA,NA,NA,NA,NA,NA,NA,NA,NA,NA,NA,NA,NA,NA,NA,NA,NA,NA,NA,NA,NA,NA,NA,NA,NA,NA,NA,NA,NA,NA,NA,NA,NA,NA,NA,NA,NA,NA,NA,NA,NA,NA,NA,NA,NA,NA,NA,NA,NA,NA,NA,NA,NA,NA,NA,NA,NA,NA,NA,NA,NA,NA,NA,NA,NA,NA,NA,NA,NA,NA,NA,NA,NA,"0.0349999999999903",NA,"0.06",NA,NA,NA,NA,NA,"0.00374070117871938",NA,"0.02",NA,NA,NA,NA,NA,NA,NA,NA,NA,NA,NA,NA,NA,"0.0114660000000018",NA,"0.01",NA,"-0.0370427350427362",NA,"0.04",NA,"-0.302721341435502",NA,"1",NA
"2023-06-01 21:41:56","Observed","1","53","1_53","RR00-CR",NA,NA,NA,NA,NA,NA,NA,NA,NA,NA,NA,NA,NA,NA,NA,NA,NA,NA,NA,NA,NA,NA,NA,NA,NA,NA,NA,NA,NA,NA,NA,NA,NA,NA,NA,NA,NA,NA,NA,NA,NA,NA,NA,NA,NA,NA,NA,NA,NA,NA,NA,NA,NA,NA,NA,NA,NA,NA,NA,NA,NA,NA,NA,NA,NA,NA,NA,NA,NA,NA,NA,NA,NA,"0.0200000000000062",NA,"0.49",NA,NA,NA,NA,NA,"0.00374070117871938",NA,"0.02",NA,NA,NA,NA,NA,NA,NA,NA,NA,NA,NA,NA,NA,"0.0517919999999954",NA,"0.39",NA,"0.0731055555555556",NA,"0.29",NA,NA,NA,NA,NA
"2023-06-01 21:42:00","Observed","1","53","1_53","RR00-CR",NA,NA,NA,NA,NA,NA,NA,NA,NA,NA,NA,NA,NA,NA,NA,NA,NA,NA,NA,NA,NA,NA,NA,NA,NA,NA,NA,NA,NA,NA,NA,NA,NA,NA,NA,NA,NA,NA,NA,NA,NA,NA,NA,NA,NA,NA,NA,NA,NA,NA,NA,NA,NA,NA,NA,NA,NA,NA,NA,NA,NA,NA,NA,NA,NA,NA,NA,NA,NA,NA,NA,NA,NA,"0.0200000000000062",NA,"0.49",NA,NA,NA,NA,NA,"0.00374070117871938",NA,"0.02",NA,NA,NA,NA,NA,NA,NA,NA,NA,NA,NA,NA,NA,"0.0517919999999954",NA,"0.39",NA,"0.0731055555555556",NA,"0.29",NA,NA,NA,NA,NA
"2023-06-01 21:46:23","Observed","1","56","1_56","RR00-NT-CR",NA,NA,NA,NA,NA,NA,NA,NA,NA,NA,NA,NA,NA,NA,NA,NA,NA,NA,NA,NA,NA,NA,NA,NA,NA,NA,NA,NA,NA,NA,NA,NA,NA,NA,NA,NA,NA,NA,NA,NA,NA,NA,NA,NA,NA,NA,NA,NA,NA,NA,NA,NA,NA,NA,NA,NA,NA,NA,NA,NA,NA,NA,NA,NA,NA,NA,NA,NA,NA,NA,NA,NA,NA,"-0.135000000000035",NA,"0.91",NA,NA,NA,NA,NA,"0.00374070117871938",NA,"0.02",NA,NA,NA,NA,NA,NA,NA,NA,NA,NA,NA,NA,NA,"0.0270659999999968",NA,"0.15",NA,"0.0755157407407407",NA,"0.32",NA,NA,NA,NA,NA
"2023-06-01 21:50:45","Observed","1","7","1_7","CN",NA,NA,NA,NA,NA,NA,NA,NA,NA,NA,NA,NA,NA,NA,NA,NA,NA,NA,NA,NA,NA,NA,NA,NA,NA,NA,NA,NA,NA,NA,NA,NA,NA,NA,NA,NA,NA,NA,NA,NA,NA,NA,NA,NA,NA,NA,NA,NA,NA,NA,NA,NA,NA,NA,NA,NA,NA,NA,NA,NA,NA,NA,NA,NA,NA,NA,NA,NA,NA,NA,NA,NA,NA,"-0.239999999999959",NA,"1",NA,NA,NA,NA,NA,"0.00374070117871938",NA,"0.02",NA,NA,NA,NA,NA,NA,NA,NA,NA,NA,NA,NA,NA,"-0.005694",NA,"0",NA,"0.0707237237237219",NA,"0.1",NA,NA,NA,NA,NA
"2023-06-01 21:55:40","Observed","1","8","1_8","CC-NT-CR",NA,NA,NA,NA,NA,NA,NA,NA,NA,NA,NA,NA,NA,NA,NA,NA,NA,NA,NA,NA,NA,NA,NA,NA,NA,NA,NA,NA,NA,NA,NA,NA,NA,NA,NA,NA,NA,NA,NA,NA,NA,NA,NA,NA,NA,NA,NA,NA,NA,NA,NA,NA,NA,NA,NA,NA,NA,NA,NA,NA,NA,NA,NA,NA,NA,NA,NA,NA,NA,NA,NA,NA,NA,"-0.0100000000000184",NA,"0.01",NA,NA,NA,NA,NA,"0.00374070117871938",NA,"0.02",NA,NA,NA,NA,NA,NA,NA,NA,NA,NA,NA,NA,NA,"0.00195000000000194",NA,"0",NA,"-0.00513817663817671",NA,"0",NA,"-0.215870288845581",NA,"1",NA
"2023-06-01 22:09:45","Observed","1","3","1_3","CC-CR",NA,NA,NA,NA,NA,NA,NA,NA,NA,NA,NA,NA,NA,NA,NA,NA,NA,NA,NA,NA,NA,NA,NA,NA,NA,NA,NA,NA,NA,NA,NA,NA,NA,NA,NA,NA,NA,NA,NA,NA,NA,NA,NA,NA,NA,NA,NA,NA,NA,NA,NA,NA,NA,NA,NA,NA,NA,NA,NA,NA,NA,NA,NA,NA,NA,NA,NA,NA,NA,NA,NA,NA,NA,"0.0349999999999903",NA,"0.06",NA,NA,NA,NA,NA,"0.00374070117871938",NA,"0.02",NA,NA,NA,NA,NA,NA,NA,NA,NA,NA,NA,NA,NA,"0.0114660000000018",NA,"0.01",NA,"-0.0370427350427362",NA,"0.04",NA,"-0.302721341435502",NA,"1",NA
"2023-06-01 22:13:24","Observed","1","3","1_3","CC-CR",NA,NA,NA,NA,NA,NA,NA,NA,NA,NA,NA,NA,NA,NA,NA,NA,NA,NA,NA,NA,NA,NA,NA,NA,NA,NA,NA,NA,NA,NA,NA,NA,NA,NA,NA,NA,NA,NA,NA,NA,NA,NA,NA,NA,NA,NA,NA,NA,NA,NA,NA,NA,NA,NA,NA,NA,NA,NA,NA,NA,NA,NA,NA,NA,NA,NA,NA,NA,NA,NA,NA,NA,NA,"0.0349999999999903",NA,"0.06",NA,NA,NA,NA,NA,"0.00374070117871938",NA,"0.02",NA,NA,NA,NA,NA,NA,NA,NA,NA,NA,NA,NA,NA,"0.0114660000000018",NA,"0.01",NA,"-0.0370427350427362",NA,"0.04",NA,"-0.302721341435502",NA,"1",NA
"2023-06-01 22:19:48","Observed","1","53","1_53","RR00-CR",NA,NA,NA,NA,NA,NA,NA,NA,NA,NA,NA,NA,NA,NA,NA,NA,NA,NA,NA,NA,NA,NA,NA,NA,NA,NA,NA,NA,NA,NA,NA,NA,NA,NA,NA,NA,NA,NA,NA,NA,NA,NA,NA,NA,NA,NA,NA,NA,NA,NA,NA,NA,NA,NA,NA,NA,NA,NA,NA,NA,NA,NA,NA,NA,NA,NA,NA,NA,NA,NA,NA,NA,NA,"0.0200000000000062",NA,"0.49",NA,NA,NA,NA,NA,"0.00374070117871938",NA,"0.02",NA,NA,NA,NA,NA,NA,NA,NA,NA,NA,NA,NA,NA,"0.0517919999999954",NA,"0.39",NA,"0.0731055555555556",NA,"0.29",NA,NA,NA,NA,NA
"2023-06-01 22:27:04","Observed","1","56","1_56","RR00-NT-CR",NA,NA,NA,NA,NA,NA,NA,NA,NA,NA,NA,NA,NA,NA,NA,NA,NA,NA,NA,NA,NA,NA,NA,NA,NA,NA,NA,NA,NA,NA,NA,NA,NA,NA,NA,NA,NA,NA,NA,NA,NA,NA,NA,NA,NA,NA,NA,NA,NA,NA,NA,NA,NA,NA,NA,NA,NA,NA,NA,NA,NA,NA,NA,NA,NA,NA,NA,NA,NA,NA,NA,NA,NA,"-0.135000000000035",NA,"0.91",NA,NA,NA,NA,NA,"0.00374070117871938",NA,"0.02",NA,NA,NA,NA,NA,NA,NA,NA,NA,NA,NA,NA,NA,"0.0270659999999968",NA,"0.15",NA,"0.0755157407407407",NA,"0.32",NA,NA,NA,NA,NA
"2023-06-01 22:29:33","Observed","1","7","1_7","CN",NA,NA,NA,NA,NA,NA,NA,NA,NA,NA,NA,NA,NA,NA,NA,NA,NA,NA,NA,NA,NA,NA,NA,NA,NA,NA,NA,NA,NA,NA,NA,NA,NA,NA,NA,NA,NA,NA,NA,NA,NA,NA,NA,NA,NA,NA,NA,NA,NA,NA,NA,NA,NA,NA,NA,NA,NA,NA,NA,NA,NA,NA,NA,NA,NA,NA,NA,NA,NA,NA,NA,NA,NA,"-0.239999999999959",NA,"1",NA,NA,NA,NA,NA,"0.00374070117871938",NA,"0.02",NA,NA,NA,NA,NA,NA,NA,NA,NA,NA,NA,NA,NA,"-0.005694",NA,"0",NA,"0.0707237237237219",NA,"0.1",NA,NA,NA,NA,NA
"2023-06-01 22:32:33","Observed","1","8","1_8","CC-NT-CR",NA,NA,NA,NA,NA,NA,NA,NA,NA,NA,NA,NA,NA,NA,NA,NA,NA,NA,NA,NA,NA,NA,NA,NA,NA,NA,NA,NA,NA,NA,NA,NA,NA,NA,NA,NA,NA,NA,NA,NA,NA,NA,NA,NA,NA,NA,NA,NA,NA,NA,NA,NA,NA,NA,NA,NA,NA,NA,NA,NA,NA,NA,NA,NA,NA,NA,NA,NA,NA,NA,NA,NA,NA,"-0.0100000000000184",NA,"0.01",NA,NA,NA,NA,NA,"0.00374070117871938",NA,"0.02",NA,NA,NA,NA,NA,NA,NA,NA,NA,NA,NA,NA,NA,"0.00195000000000194",NA,"0",NA,"-0.00513817663817671",NA,"0",NA,"-0.215870288845581",NA,"1",NA
"2023-06-01 22:42:17","Observed","1","3","1_3","CC-CR",NA,NA,NA,NA,NA,NA,NA,NA,NA,NA,NA,NA,NA,NA,NA,NA,NA,NA,NA,NA,NA,NA,NA,NA,NA,NA,NA,NA,NA,NA,NA,NA,NA,NA,NA,NA,NA,NA,NA,NA,NA,NA,NA,NA,NA,NA,NA,NA,NA,NA,NA,NA,NA,NA,NA,NA,NA,NA,NA,NA,NA,NA,NA,NA,NA,NA,NA,NA,NA,NA,NA,NA,NA,"0.0349999999999903",NA,"0.06",NA,NA,NA,NA,NA,"0.00374070117871938",NA,"0.02",NA,NA,NA,NA,NA,NA,NA,NA,NA,NA,NA,NA,NA,"0.0114660000000018",NA,"0.01",NA,"-0.0370427350427362",NA,"0.04",NA,"-0.302721341435502",NA,"1",NA
"2023-06-01 22:45:50","Observed","1","3","1_3","CC-CR",NA,NA,NA,NA,NA,NA,NA,NA,NA,NA,NA,NA,NA,NA,NA,NA,NA,NA,NA,NA,NA,NA,NA,NA,NA,NA,NA,NA,NA,NA,NA,NA,NA,NA,NA,NA,NA,NA,NA,NA,NA,NA,NA,NA,NA,NA,NA,NA,NA,NA,NA,NA,NA,NA,NA,NA,NA,NA,NA,NA,NA,NA,NA,NA,NA,NA,NA,NA,NA,NA,NA,NA,NA,"0.0349999999999903",NA,"0.06",NA,NA,NA,NA,NA,"0.00374070117871938",NA,"0.02",NA,NA,NA,NA,NA,NA,NA,NA,NA,NA,NA,NA,NA,"0.0114660000000018",NA,"0.01",NA,"-0.0370427350427362",NA,"0.04",NA,"-0.302721341435502",NA,"1",NA
"2023-06-01 22:52:15","Observed","1","53","1_53","RR00-CR",NA,NA,NA,NA,NA,NA,NA,NA,NA,NA,NA,NA,NA,NA,NA,NA,NA,NA,NA,NA,NA,NA,NA,NA,NA,NA,NA,NA,NA,NA,NA,NA,NA,NA,NA,NA,NA,NA,NA,NA,NA,NA,NA,NA,NA,NA,NA,NA,NA,NA,NA,NA,NA,NA,NA,NA,NA,NA,NA,NA,NA,NA,NA,NA,NA,NA,NA,NA,NA,NA,NA,NA,NA,"0.0200000000000062",NA,"0.49",NA,NA,NA,NA,NA,"0.00374070117871938",NA,"0.02",NA,NA,NA,NA,NA,NA,NA,NA,NA,NA,NA,NA,NA,"0.0517919999999954",NA,"0.39",NA,"0.0731055555555556",NA,"0.29",NA,NA,NA,NA,NA
"2023-06-01 23:02:12","Observed","1","56","1_56","RR00-NT-CR",NA,NA,NA,NA,NA,NA,NA,NA,NA,NA,NA,NA,NA,NA,NA,NA,NA,NA,NA,NA,NA,NA,NA,NA,NA,NA,NA,NA,NA,NA,NA,NA,NA,NA,NA,NA,NA,NA,NA,NA,NA,NA,NA,NA,NA,NA,NA,NA,NA,NA,NA,NA,NA,NA,NA,NA,NA,NA,NA,NA,NA,NA,NA,NA,NA,NA,NA,NA,NA,NA,NA,NA,NA,"-0.135000000000035",NA,"0.91",NA,NA,NA,NA,NA,"0.00374070117871938",NA,"0.02",NA,NA,NA,NA,NA,NA,NA,NA,NA,NA,NA,NA,NA,"0.0270659999999968",NA,"0.15",NA,"0.0755157407407407",NA,"0.32",NA,NA,NA,NA,NA
"2023-06-01 23:04:44","Observed","1","7","1_7","CN",NA,NA,NA,NA,NA,NA,NA,NA,NA,NA,NA,NA,NA,NA,NA,NA,NA,NA,NA,NA,NA,NA,NA,NA,NA,NA,NA,NA,NA,NA,NA,NA,NA,NA,NA,NA,NA,NA,NA,NA,NA,NA,NA,NA,NA,NA,NA,NA,NA,NA,NA,NA,NA,NA,NA,NA,NA,NA,NA,NA,NA,NA,NA,NA,NA,NA,NA,NA,NA,NA,NA,NA,NA,"-0.239999999999959",NA,"1",NA,NA,NA,NA,NA,"0.00374070117871938",NA,"0.02",NA,NA,NA,NA,NA,NA,NA,NA,NA,NA,NA,NA,NA,"-0.005694",NA,"0",NA,"0.0707237237237219",NA,"0.1",NA,NA,NA,NA,NA
"2023-06-01 23:06:56","Observed","1","8","1_8","CC-NT-CR",NA,NA,NA,NA,NA,NA,NA,NA,NA,NA,NA,NA,NA,NA,NA,NA,NA,NA,NA,NA,NA,NA,NA,NA,NA,NA,NA,NA,NA,NA,NA,NA,NA,NA,NA,NA,NA,NA,NA,NA,NA,NA,NA,NA,NA,NA,NA,NA,NA,NA,NA,NA,NA,NA,NA,NA,NA,NA,NA,NA,NA,NA,NA,NA,NA,NA,NA,NA,NA,NA,NA,NA,NA,"-0.0100000000000184",NA,"0.01",NA,NA,NA,NA,NA,"0.00374070117871938",NA,"0.02",NA,NA,NA,NA,NA,NA,NA,NA,NA,NA,NA,NA,NA,"0.00195000000000194",NA,"0",NA,"-0.00513817663817671",NA,"0",NA,"-0.215870288845581",NA,"1",NA
